Date as of,First week,Last week,State,County name,FIPS County Code,Deaths involving COVID-19,Deaths from All Causes
10/14/2020,02/01/2020,10/10/2020,AK,Anchorage Borough,2020,32,1404
10/14/2020,02/01/2020,10/10/2020,AK,Fairbanks North Star Borough,2090,11,315
10/14/2020,02/01/2020,10/10/2020,AL,Autauga County,1001,25,354
10/14/2020,02/01/2020,10/10/2020,AL,Baldwin County,1003,75,1526
10/14/2020,02/01/2020,10/10/2020,AL,Barbour County,1005,11,190
10/14/2020,02/01/2020,10/10/2020,AL,Bibb County,1007,16,132
10/14/2020,02/01/2020,10/10/2020,AL,Blount County,1009,11,351
10/14/2020,02/01/2020,10/10/2020,AL,Butler County,1013,27,161
10/14/2020,02/01/2020,10/10/2020,AL,Calhoun County,1015,88,1111
10/14/2020,02/01/2020,10/10/2020,AL,Chilton County,1021,16,288
10/14/2020,02/01/2020,10/10/2020,AL,Clay County,1027,25,132
10/14/2020,02/01/2020,10/10/2020,AL,Colbert County,1033,36,447
10/14/2020,02/01/2020,10/10/2020,AL,Covington County,1039,55,405
10/14/2020,02/01/2020,10/10/2020,AL,Crenshaw County,1041,26,147
10/14/2020,02/01/2020,10/10/2020,AL,Cullman County,1043,30,715
10/14/2020,02/01/2020,10/10/2020,AL,Dale County,1045,53,353
10/14/2020,02/01/2020,10/10/2020,AL,Dallas County,1047,43,344
10/14/2020,02/01/2020,10/10/2020,AL,DeKalb County,1049,18,485
10/14/2020,02/01/2020,10/10/2020,AL,Elmore County,1051,34,486
10/14/2020,02/01/2020,10/10/2020,AL,Escambia County,1053,20,261
10/14/2020,02/01/2020,10/10/2020,AL,Etowah County,1055,129,1196
10/14/2020,02/01/2020,10/10/2020,AL,Franklin County,1059,13,212
10/14/2020,02/01/2020,10/10/2020,AL,Houston County,1069,219,1440
10/14/2020,02/01/2020,10/10/2020,AL,Jackson County,1071,16,455
10/14/2020,02/01/2020,10/10/2020,AL,Jefferson County,1073,606,7081
10/14/2020,02/01/2020,10/10/2020,AL,Lauderdale County,1077,64,1004
10/14/2020,02/01/2020,10/10/2020,AL,Lee County,1081,138,939
10/14/2020,02/01/2020,10/10/2020,AL,Limestone County,1083,31,570
10/14/2020,02/01/2020,10/10/2020,AL,Madison County,1089,138,2919
10/14/2020,02/01/2020,10/10/2020,AL,Marengo County,1091,16,179
10/14/2020,02/01/2020,10/10/2020,AL,Marion County,1093,25,283
10/14/2020,02/01/2020,10/10/2020,AL,Marshall County,1095,50,854
10/14/2020,02/01/2020,10/10/2020,AL,Mobile County,1097,405,3820
10/14/2020,02/01/2020,10/10/2020,AL,Montgomery County,1101,343,2288
10/14/2020,02/01/2020,10/10/2020,AL,Morgan County,1103,53,952
10/14/2020,02/01/2020,10/10/2020,AL,Pike County,1109,15,212
10/14/2020,02/01/2020,10/10/2020,AL,Russell County,1113,10,268
10/14/2020,02/01/2020,10/10/2020,AL,St. Clair County,1115,38,569
10/14/2020,02/01/2020,10/10/2020,AL,Shelby County,1117,76,1024
10/14/2020,02/01/2020,10/10/2020,AL,Talladega County,1121,28,610
10/14/2020,02/01/2020,10/10/2020,AL,Tallapoosa County,1123,68,388
10/14/2020,02/01/2020,10/10/2020,AL,Tuscaloosa County,1125,205,1675
10/14/2020,02/01/2020,10/10/2020,AL,Walker County,1127,68,746
10/14/2020,02/01/2020,10/10/2020,AL,Washington County,1129,10,91
10/14/2020,02/01/2020,10/10/2020,AR,Baxter County,5005,10,626
10/14/2020,02/01/2020,10/10/2020,AR,Benton County,5007,111,1352
10/14/2020,02/01/2020,10/10/2020,AR,Boone County,5009,16,310
10/14/2020,02/01/2020,10/10/2020,AR,Chicot County,5017,11,80
10/14/2020,02/01/2020,10/10/2020,AR,Columbia County,5027,15,195
10/14/2020,02/01/2020,10/10/2020,AR,Craighead County,5031,110,1477
10/14/2020,02/01/2020,10/10/2020,AR,Crittenden County,5035,20,261
10/14/2020,02/01/2020,10/10/2020,AR,Faulkner County,5045,37,765
10/14/2020,02/01/2020,10/10/2020,AR,Garland County,5051,78,1266
10/14/2020,02/01/2020,10/10/2020,AR,Howard County,5061,10,116
10/14/2020,02/01/2020,10/10/2020,AR,Independence County,5063,31,366
10/14/2020,02/01/2020,10/10/2020,AR,Jefferson County,5069,92,706
10/14/2020,02/01/2020,10/10/2020,AR,Little River County,5081,24,117
10/14/2020,02/01/2020,10/10/2020,AR,Mississippi County,5093,21,264
10/14/2020,02/01/2020,10/10/2020,AR,Newton County,5101,13,74
10/14/2020,02/01/2020,10/10/2020,AR,Pope County,5115,22,475
10/14/2020,02/01/2020,10/10/2020,AR,Pulaski County,5119,276,4578
10/14/2020,02/01/2020,10/10/2020,AR,Randolph County,5121,12,116
10/14/2020,02/01/2020,10/10/2020,AR,Saline County,5125,16,634
10/14/2020,02/01/2020,10/10/2020,AR,Sebastian County,5131,94,1600
10/14/2020,02/01/2020,10/10/2020,AR,Stone County,5137,10,119
10/14/2020,02/01/2020,10/10/2020,AR,Union County,5139,43,394
10/14/2020,02/01/2020,10/10/2020,AR,Washington County,5143,143,1700
10/14/2020,02/01/2020,10/10/2020,AR,White County,5145,28,646
10/14/2020,02/01/2020,10/10/2020,AZ,Apache County,4001,42,372
10/14/2020,02/01/2020,10/10/2020,AZ,Cochise County,4003,30,765
10/14/2020,02/01/2020,10/10/2020,AZ,Coconino County,4005,127,901
10/14/2020,02/01/2020,10/10/2020,AZ,Gila County,4007,28,521
10/14/2020,02/01/2020,10/10/2020,AZ,Graham County,4009,22,224
10/14/2020,02/01/2020,10/10/2020,AZ,Maricopa County,4013,3407,30587
10/14/2020,02/01/2020,10/10/2020,AZ,Mohave County,4015,190,2542
10/14/2020,02/01/2020,10/10/2020,AZ,Navajo County,4017,58,763
10/14/2020,02/01/2020,10/10/2020,AZ,Pima County,4019,734,8883
10/14/2020,02/01/2020,10/10/2020,AZ,Pinal County,4021,83,1933
10/14/2020,02/01/2020,10/10/2020,AZ,Yavapai County,4025,77,2266
10/14/2020,02/01/2020,10/10/2020,AZ,Yuma County,4027,308,1607
10/14/2020,02/01/2020,10/10/2020,CA,Alameda County,6001,418,7683
10/14/2020,02/01/2020,10/10/2020,CA,Amador County,6005,27,306
10/14/2020,02/01/2020,10/10/2020,CA,Butte County,6007,43,1563
10/14/2020,02/01/2020,10/10/2020,CA,Calaveras County,6009,10,269
10/14/2020,02/01/2020,10/10/2020,CA,Contra Costa County,6013,202,5708
10/14/2020,02/01/2020,10/10/2020,CA,Fresno County,6019,409,5834
10/14/2020,02/01/2020,10/10/2020,CA,Imperial County,6025,187,896
10/14/2020,02/01/2020,10/10/2020,CA,Inyo County,6027,14,138
10/14/2020,02/01/2020,10/10/2020,CA,Kern County,6029,400,4828
10/14/2020,02/01/2020,10/10/2020,CA,Kings County,6031,116,717
10/14/2020,02/01/2020,10/10/2020,CA,Lake County,6033,11,457
10/14/2020,02/01/2020,10/10/2020,CA,Los Angeles County,6037,5983,52947
10/14/2020,02/01/2020,10/10/2020,CA,Madera County,6039,91,740
10/14/2020,02/01/2020,10/10/2020,CA,Marin County,6041,93,1431
10/14/2020,02/01/2020,10/10/2020,CA,Mendocino County,6045,15,582
10/14/2020,02/01/2020,10/10/2020,CA,Merced County,6047,81,1138
10/14/2020,02/01/2020,10/10/2020,CA,Monterey County,6053,70,1945
10/14/2020,02/01/2020,10/10/2020,CA,Napa County,6055,18,859
10/14/2020,02/01/2020,10/10/2020,CA,Orange County,6059,1290,15753
10/14/2020,02/01/2020,10/10/2020,CA,Placer County,6061,93,2791
10/14/2020,02/01/2020,10/10/2020,CA,Riverside County,6065,1296,13572
10/14/2020,02/01/2020,10/10/2020,CA,Sacramento County,6067,422,8993
10/14/2020,02/01/2020,10/10/2020,CA,San Bernardino County,6071,1135,12052
10/14/2020,02/01/2020,10/10/2020,CA,San Diego County,6073,987,16934
10/14/2020,02/01/2020,10/10/2020,CA,San Francisco County,6075,130,4444
10/14/2020,02/01/2020,10/10/2020,CA,San Joaquin County,6077,435,4306
10/14/2020,02/01/2020,10/10/2020,CA,San Luis Obispo County,6079,30,1623
10/14/2020,02/01/2020,10/10/2020,CA,San Mateo County,6081,167,3328
10/14/2020,02/01/2020,10/10/2020,CA,Santa Barbara County,6083,123,2356
10/14/2020,02/01/2020,10/10/2020,CA,Santa Clara County,6085,326,8066
10/14/2020,02/01/2020,10/10/2020,CA,Santa Cruz County,6087,23,1155
10/14/2020,02/01/2020,10/10/2020,CA,Shasta County,6089,22,1725
10/14/2020,02/01/2020,10/10/2020,CA,Solano County,6095,96,2451
10/14/2020,02/01/2020,10/10/2020,CA,Sonoma County,6097,129,3079
10/14/2020,02/01/2020,10/10/2020,CA,Stanislaus County,6099,477,4080
10/14/2020,02/01/2020,10/10/2020,CA,Tulare County,6107,271,2407
10/14/2020,02/01/2020,10/10/2020,CA,Ventura County,6111,170,4172
10/14/2020,02/01/2020,10/10/2020,CA,Yolo County,6113,42,836
10/14/2020,02/01/2020,10/10/2020,CA,Yuba County,6115,18,550
10/14/2020,02/01/2020,10/10/2020,CO,Adams County,8001,296,2765
10/14/2020,02/01/2020,10/10/2020,CO,Arapahoe County,8005,410,3480
10/14/2020,02/01/2020,10/10/2020,CO,Boulder County,8013,89,1725
10/14/2020,02/01/2020,10/10/2020,CO,Broomfield County,8014,23,243
10/14/2020,02/01/2020,10/10/2020,CO,Chaffee County,8015,17,141
10/14/2020,02/01/2020,10/10/2020,CO,Denver County,8031,325,3991
10/14/2020,02/01/2020,10/10/2020,CO,Douglas County,8035,68,1207
10/14/2020,02/01/2020,10/10/2020,CO,El Paso County,8041,188,3881
10/14/2020,02/01/2020,10/10/2020,CO,Jefferson County,8059,252,3642
10/14/2020,02/01/2020,10/10/2020,CO,Larimer County,8069,68,1900
10/14/2020,02/01/2020,10/10/2020,CO,Mesa County,8077,18,1329
10/14/2020,02/01/2020,10/10/2020,CO,Montrose County,8085,14,295
10/14/2020,02/01/2020,10/10/2020,CO,Morgan County,8087,40,192
10/14/2020,02/01/2020,10/10/2020,CO,Pueblo County,8101,34,1516
10/14/2020,02/01/2020,10/10/2020,CO,Weld County,8123,123,1247
10/14/2020,02/01/2020,10/10/2020,CT,Fairfield County,9001,1443,5694
10/14/2020,02/01/2020,10/10/2020,CT,Hartford County,9003,1428,6715
10/14/2020,02/01/2020,10/10/2020,CT,Litchfield County,9005,134,1045
10/14/2020,02/01/2020,10/10/2020,CT,Middlesex County,9007,179,1023
10/14/2020,02/01/2020,10/10/2020,CT,New Haven County,9009,1102,6403
10/14/2020,02/01/2020,10/10/2020,CT,New London County,9011,110,1515
10/14/2020,02/01/2020,10/10/2020,CT,Tolland County,9013,47,484
10/14/2020,02/01/2020,10/10/2020,CT,Windham County,9015,12,595
10/14/2020,02/01/2020,10/10/2020,DC,District of Columbia,11001,767,5019
10/14/2020,02/01/2020,10/10/2020,DE,Kent County,10001,109,1350
10/14/2020,02/01/2020,10/10/2020,DE,New Castle County,10003,280,3786
10/14/2020,02/01/2020,10/10/2020,DE,Sussex County,10005,189,1906
10/14/2020,02/01/2020,10/10/2020,FL,Alachua County,12001,205,2722
10/14/2020,02/01/2020,10/10/2020,FL,Bay County,12005,134,1477
10/14/2020,02/01/2020,10/10/2020,FL,Brevard County,12009,338,5692
10/14/2020,02/01/2020,10/10/2020,FL,Broward County,12011,1670,12800
10/14/2020,02/01/2020,10/10/2020,FL,Charlotte County,12015,144,2249
10/14/2020,02/01/2020,10/10/2020,FL,Citrus County,12017,86,2056
10/14/2020,02/01/2020,10/10/2020,FL,Clay County,12019,108,1667
10/14/2020,02/01/2020,10/10/2020,FL,Collier County,12021,262,2851
10/14/2020,02/01/2020,10/10/2020,FL,Columbia County,12023,73,767
10/14/2020,02/01/2020,10/10/2020,FL,Duval County,12031,605,7860
10/14/2020,02/01/2020,10/10/2020,FL,Escambia County,12033,332,3653
10/14/2020,02/01/2020,10/10/2020,FL,Flagler County,12035,39,1095
10/14/2020,02/01/2020,10/10/2020,FL,Hendry County,12051,16,146
10/14/2020,02/01/2020,10/10/2020,FL,Hernando County,12053,130,2185
10/14/2020,02/01/2020,10/10/2020,FL,Highlands County,12055,100,1352
10/14/2020,02/01/2020,10/10/2020,FL,Hillsborough County,12057,796,9490
10/14/2020,02/01/2020,10/10/2020,FL,Indian River County,12061,87,1660
10/14/2020,02/01/2020,10/10/2020,FL,Jackson County,12063,51,430
10/14/2020,02/01/2020,10/10/2020,FL,Lake County,12069,220,3207
10/14/2020,02/01/2020,10/10/2020,FL,Lee County,12071,458,5846
10/14/2020,02/01/2020,10/10/2020,FL,Leon County,12073,226,2288
10/14/2020,02/01/2020,10/10/2020,FL,Manatee County,12081,328,3424
10/14/2020,02/01/2020,10/10/2020,FL,Marion County,12083,266,4007
10/14/2020,02/01/2020,10/10/2020,FL,Martin County,12085,220,1615
10/14/2020,02/01/2020,10/10/2020,FL,Miami-Dade County,12086,3224,18347
10/14/2020,02/01/2020,10/10/2020,FL,Monroe County,12087,15,392
10/14/2020,02/01/2020,10/10/2020,FL,Nassau County,12089,16,502
10/14/2020,02/01/2020,10/10/2020,FL,Okaloosa County,12091,122,1500
10/14/2020,02/01/2020,10/10/2020,FL,Okeechobee County,12093,27,323
10/14/2020,02/01/2020,10/10/2020,FL,Orange County,12095,627,7724
10/14/2020,02/01/2020,10/10/2020,FL,Osceola County,12097,196,1941
10/14/2020,02/01/2020,10/10/2020,FL,Palm Beach County,12099,1446,12559
10/14/2020,02/01/2020,10/10/2020,FL,Pasco County,12101,177,4713
10/14/2020,02/01/2020,10/10/2020,FL,Pinellas County,12103,757,9732
10/14/2020,02/01/2020,10/10/2020,FL,Polk County,12105,523,5583
10/14/2020,02/01/2020,10/10/2020,FL,Putnam County,12107,27,606
10/14/2020,02/01/2020,10/10/2020,FL,St. Johns County,12109,36,1255
10/14/2020,02/01/2020,10/10/2020,FL,St. Lucie County,12111,191,2632
10/14/2020,02/01/2020,10/10/2020,FL,Santa Rosa County,12113,41,889
10/14/2020,02/01/2020,10/10/2020,FL,Sarasota County,12115,302,4631
10/14/2020,02/01/2020,10/10/2020,FL,Seminole County,12117,169,2617
10/14/2020,02/01/2020,10/10/2020,FL,Sumter County,12119,74,1753
10/14/2020,02/01/2020,10/10/2020,FL,Suwannee County,12121,19,260
10/14/2020,02/01/2020,10/10/2020,FL,Union County,12125,13,107
10/14/2020,02/01/2020,10/10/2020,FL,Volusia County,12127,295,5705
10/14/2020,02/01/2020,10/10/2020,FL,Walton County,12131,32,477
10/14/2020,02/01/2020,10/10/2020,FL,Washington County,12133,20,204
10/14/2020,02/01/2020,10/10/2020,GA,Appling County,13001,15,111
10/14/2020,02/01/2020,10/10/2020,GA,Bacon County,13005,19,114
10/14/2020,02/01/2020,10/10/2020,GA,Baldwin County,13009,59,357
10/14/2020,02/01/2020,10/10/2020,GA,Barrow County,13013,19,306
10/14/2020,02/01/2020,10/10/2020,GA,Bartow County,13015,57,718
10/14/2020,02/01/2020,10/10/2020,GA,Ben Hill County,13017,21,147
10/14/2020,02/01/2020,10/10/2020,GA,Berrien County,13019,10,112
10/14/2020,02/01/2020,10/10/2020,GA,Bibb County,13021,259,2123
10/14/2020,02/01/2020,10/10/2020,GA,Bleckley County,13023,13,72
10/14/2020,02/01/2020,10/10/2020,GA,Bulloch County,13031,47,501
10/14/2020,02/01/2020,10/10/2020,GA,Butts County,13035,20,181
10/14/2020,02/01/2020,10/10/2020,GA,Candler County,13043,15,101
10/14/2020,02/01/2020,10/10/2020,GA,Carroll County,13045,77,878
10/14/2020,02/01/2020,10/10/2020,GA,Chatham County,13051,226,2641
10/14/2020,02/01/2020,10/10/2020,GA,Cherokee County,13057,53,961
10/14/2020,02/01/2020,10/10/2020,GA,Clarke County,13059,117,1178
10/14/2020,02/01/2020,10/10/2020,GA,Clayton County,13063,62,996
10/14/2020,02/01/2020,10/10/2020,GA,Cobb County,13067,423,4031
10/14/2020,02/01/2020,10/10/2020,GA,Coffee County,13069,47,302
10/14/2020,02/01/2020,10/10/2020,GA,Colquitt County,13071,43,418
10/14/2020,02/01/2020,10/10/2020,GA,Columbia County,13073,14,456
10/14/2020,02/01/2020,10/10/2020,GA,Coweta County,13077,46,734
10/14/2020,02/01/2020,10/10/2020,GA,Crisp County,13081,27,239
10/14/2020,02/01/2020,10/10/2020,GA,Decatur County,13087,14,224
10/14/2020,02/01/2020,10/10/2020,GA,DeKalb County,13089,280,3606
10/14/2020,02/01/2020,10/10/2020,GA,Dodge County,13091,14,139
10/14/2020,02/01/2020,10/10/2020,GA,Dougherty County,13095,207,1080
10/14/2020,02/01/2020,10/10/2020,GA,Douglas County,13097,37,570
10/14/2020,02/01/2020,10/10/2020,GA,Early County,13099,14,100
10/14/2020,02/01/2020,10/10/2020,GA,Effingham County,13103,10,208
10/14/2020,02/01/2020,10/10/2020,GA,Emanuel County,13107,36,189
10/14/2020,02/01/2020,10/10/2020,GA,Fayette County,13113,94,815
10/14/2020,02/01/2020,10/10/2020,GA,Floyd County,13115,101,1213
10/14/2020,02/01/2020,10/10/2020,GA,Forsyth County,13117,66,1137
10/14/2020,02/01/2020,10/10/2020,GA,Franklin County,13119,13,185
10/14/2020,02/01/2020,10/10/2020,GA,Fulton County,13121,653,6607
10/14/2020,02/01/2020,10/10/2020,GA,Glynn County,13127,107,869
10/14/2020,02/01/2020,10/10/2020,GA,Gordon County,13129,33,385
10/14/2020,02/01/2020,10/10/2020,GA,Grady County,13131,17,141
10/14/2020,02/01/2020,10/10/2020,GA,Gwinnett County,13135,337,3123
10/14/2020,02/01/2020,10/10/2020,GA,Habersham County,13137,31,287
10/14/2020,02/01/2020,10/10/2020,GA,Hall County,13139,223,2007
10/14/2020,02/01/2020,10/10/2020,GA,Henry County,13151,104,1397
10/14/2020,02/01/2020,10/10/2020,GA,Houston County,13153,73,931
10/14/2020,02/01/2020,10/10/2020,GA,Jeff Davis County,13161,15,127
10/14/2020,02/01/2020,10/10/2020,GA,Jefferson County,13163,13,124
10/14/2020,02/01/2020,10/10/2020,GA,Jenkins County,13165,14,60
10/14/2020,02/01/2020,10/10/2020,GA,Lamar County,13171,13,108
10/14/2020,02/01/2020,10/10/2020,GA,Laurens County,13175,81,610
10/14/2020,02/01/2020,10/10/2020,GA,Lowndes County,13185,145,908
10/14/2020,02/01/2020,10/10/2020,GA,Mitchell County,13205,15,148
10/14/2020,02/01/2020,10/10/2020,GA,Monroe County,13207,23,203
10/14/2020,02/01/2020,10/10/2020,GA,Muscogee County,13215,254,2126
10/14/2020,02/01/2020,10/10/2020,GA,Newton County,13217,53,575
10/14/2020,02/01/2020,10/10/2020,GA,Oconee County,13219,16,254
10/14/2020,02/01/2020,10/10/2020,GA,Paulding County,13223,36,578
10/14/2020,02/01/2020,10/10/2020,GA,Pickens County,13227,11,272
10/14/2020,02/01/2020,10/10/2020,GA,Pulaski County,13235,21,80
10/14/2020,02/01/2020,10/10/2020,GA,Putnam County,13237,12,130
10/14/2020,02/01/2020,10/10/2020,GA,Richmond County,13245,341,2840
10/14/2020,02/01/2020,10/10/2020,GA,Rockdale County,13247,42,563
10/14/2020,02/01/2020,10/10/2020,GA,Spalding County,13255,94,845
10/14/2020,02/01/2020,10/10/2020,GA,Stephens County,13257,24,242
10/14/2020,02/01/2020,10/10/2020,GA,Sumter County,13261,45,257
10/14/2020,02/01/2020,10/10/2020,GA,Tattnall County,13267,10,122
10/14/2020,02/01/2020,10/10/2020,GA,Thomas County,13275,100,558
10/14/2020,02/01/2020,10/10/2020,GA,Tift County,13277,114,484
10/14/2020,02/01/2020,10/10/2020,GA,Toombs County,13279,57,382
10/14/2020,02/01/2020,10/10/2020,GA,Troup County,13285,96,623
10/14/2020,02/01/2020,10/10/2020,GA,Union County,13291,17,231
10/14/2020,02/01/2020,10/10/2020,GA,Upson County,13293,83,408
10/14/2020,02/01/2020,10/10/2020,GA,Walker County,13295,13,409
10/14/2020,02/01/2020,10/10/2020,GA,Walton County,13297,46,609
10/14/2020,02/01/2020,10/10/2020,GA,Ware County,13299,75,483
10/14/2020,02/01/2020,10/10/2020,GA,Washington County,13303,11,121
10/14/2020,02/01/2020,10/10/2020,GA,Wayne County,13305,25,238
10/14/2020,02/01/2020,10/10/2020,GA,Whitfield County,13313,54,645
10/14/2020,02/01/2020,10/10/2020,HI,Hawaii County,15001,31,1236
10/14/2020,02/01/2020,10/10/2020,HI,Honolulu County,15003,158,5799
10/14/2020,02/01/2020,10/10/2020,HI,Maui County,15009,17,843
10/14/2020,02/01/2020,10/10/2020,IA,Black Hawk County,19013,97,1000
10/14/2020,02/01/2020,10/10/2020,IA,Cerro Gordo County,19033,29,514
10/14/2020,02/01/2020,10/10/2020,IA,Clinton County,19045,28,335
10/14/2020,02/01/2020,10/10/2020,IA,Dallas County,19049,38,318
10/14/2020,02/01/2020,10/10/2020,IA,Des Moines County,19057,15,349
10/14/2020,02/01/2020,10/10/2020,IA,Dubuque County,19061,46,686
10/14/2020,02/01/2020,10/10/2020,IA,Emmet County,19063,11,94
10/14/2020,02/01/2020,10/10/2020,IA,Franklin County,19069,10,79
10/14/2020,02/01/2020,10/10/2020,IA,Jasper County,19099,23,215
10/14/2020,02/01/2020,10/10/2020,IA,Johnson County,19103,88,1312
10/14/2020,02/01/2020,10/10/2020,IA,Linn County,19113,124,1470
10/14/2020,02/01/2020,10/10/2020,IA,Mahaska County,19123,18,173
10/14/2020,02/01/2020,10/10/2020,IA,Marshall County,19127,23,313
10/14/2020,02/01/2020,10/10/2020,IA,Muscatine County,19139,44,253
10/14/2020,02/01/2020,10/10/2020,IA,Plymouth County,19149,15,147
10/14/2020,02/01/2020,10/10/2020,IA,Polk County,19153,353,3687
10/14/2020,02/01/2020,10/10/2020,IA,Pottawattamie County,19155,37,703
10/14/2020,02/01/2020,10/10/2020,IA,Poweshiek County,19157,10,140
10/14/2020,02/01/2020,10/10/2020,IA,Scott County,19163,30,1311
10/14/2020,02/01/2020,10/10/2020,IA,Story County,19169,28,451
10/14/2020,02/01/2020,10/10/2020,IA,Tama County,19171,19,109
10/14/2020,02/01/2020,10/10/2020,IA,Wapello County,19179,39,293
10/14/2020,02/01/2020,10/10/2020,IA,Washington County,19183,11,159
10/14/2020,02/01/2020,10/10/2020,IA,Webster County,19187,26,372
10/14/2020,02/01/2020,10/10/2020,IA,Winnebago County,19189,12,70
10/14/2020,02/01/2020,10/10/2020,IA,Woodbury County,19193,125,940
10/14/2020,02/01/2020,10/10/2020,ID,Ada County,16001,217,2889
10/14/2020,02/01/2020,10/10/2020,ID,Bannock County,16005,11,578
10/14/2020,02/01/2020,10/10/2020,ID,Bonneville County,16019,28,855
10/14/2020,02/01/2020,10/10/2020,ID,Canyon County,16027,79,1097
10/14/2020,02/01/2020,10/10/2020,ID,Kootenai County,16055,47,1277
10/14/2020,02/01/2020,10/10/2020,ID,Nez Perce County,16069,23,392
10/14/2020,02/01/2020,10/10/2020,ID,Shoshone County,16079,14,88
10/14/2020,02/01/2020,10/10/2020,ID,Twin Falls County,16083,56,695
10/14/2020,02/01/2020,10/10/2020,IL,Adams County,17001,16,675
10/14/2020,02/01/2020,10/10/2020,IL,Boone County,17007,11,239
10/14/2020,02/01/2020,10/10/2020,IL,Cass County,17017,10,60
10/14/2020,02/01/2020,10/10/2020,IL,Champaign County,17019,41,1281
10/14/2020,02/01/2020,10/10/2020,IL,Christian County,17021,11,234
10/14/2020,02/01/2020,10/10/2020,IL,Coles County,17029,28,449
10/14/2020,02/01/2020,10/10/2020,IL,Cook County,17031,5071,35318
10/14/2020,02/01/2020,10/10/2020,IL,DeKalb County,17037,35,578
10/14/2020,02/01/2020,10/10/2020,IL,DuPage County,17043,527,5452
10/14/2020,02/01/2020,10/10/2020,IL,Greene County,17061,12,79
10/14/2020,02/01/2020,10/10/2020,IL,Jackson County,17077,49,441
10/14/2020,02/01/2020,10/10/2020,IL,Jefferson County,17081,27,436
10/14/2020,02/01/2020,10/10/2020,IL,Jersey County,17083,14,191
10/14/2020,02/01/2020,10/10/2020,IL,Kane County,17089,286,2679
10/14/2020,02/01/2020,10/10/2020,IL,Kankakee County,17091,74,918
10/14/2020,02/01/2020,10/10/2020,IL,Lake County,17097,400,4169
10/14/2020,02/01/2020,10/10/2020,IL,LaSalle County,17099,44,749
10/14/2020,02/01/2020,10/10/2020,IL,McDonough County,17109,16,209
10/14/2020,02/01/2020,10/10/2020,IL,McHenry County,17111,83,1250
10/14/2020,02/01/2020,10/10/2020,IL,McLean County,17113,31,942
10/14/2020,02/01/2020,10/10/2020,IL,Macon County,17115,47,938
10/14/2020,02/01/2020,10/10/2020,IL,Madison County,17119,101,1938
10/14/2020,02/01/2020,10/10/2020,IL,Morgan County,17137,18,280
10/14/2020,02/01/2020,10/10/2020,IL,Peoria County,17143,95,2151
10/14/2020,02/01/2020,10/10/2020,IL,Richland County,17159,11,185
10/14/2020,02/01/2020,10/10/2020,IL,Rock Island County,17161,67,1155
10/14/2020,02/01/2020,10/10/2020,IL,St. Clair County,17163,169,1930
10/14/2020,02/01/2020,10/10/2020,IL,Sangamon County,17167,78,2001
10/14/2020,02/01/2020,10/10/2020,IL,Tazewell County,17179,15,759
10/14/2020,02/01/2020,10/10/2020,IL,Whiteside County,17195,12,431
10/14/2020,02/01/2020,10/10/2020,IL,Will County,17197,324,3474
10/14/2020,02/01/2020,10/10/2020,IL,Williamson County,17199,43,648
10/14/2020,02/01/2020,10/10/2020,IL,Winnebago County,17201,165,2469
10/14/2020,02/01/2020,10/10/2020,IN,Allen County,18003,252,3284
10/14/2020,02/01/2020,10/10/2020,IN,Bartholomew County,18005,77,658
10/14/2020,02/01/2020,10/10/2020,IN,Boone County,18011,45,357
10/14/2020,02/01/2020,10/10/2020,IN,Clark County,18019,54,764
10/14/2020,02/01/2020,10/10/2020,IN,Clinton County,18023,13,239
10/14/2020,02/01/2020,10/10/2020,IN,Daviess County,18027,16,212
10/14/2020,02/01/2020,10/10/2020,IN,Dearborn County,18029,37,290
10/14/2020,02/01/2020,10/10/2020,IN,Decatur County,18031,26,203
10/14/2020,02/01/2020,10/10/2020,IN,De Kalb County,18033,14,286
10/14/2020,02/01/2020,10/10/2020,IN,Delaware County,18035,70,1128
10/14/2020,02/01/2020,10/10/2020,IN,Dubois County,18037,15,351
10/14/2020,02/01/2020,10/10/2020,IN,Elkhart County,18039,118,1336
10/14/2020,02/01/2020,10/10/2020,IN,Floyd County,18043,83,778
10/14/2020,02/01/2020,10/10/2020,IN,Grant County,18053,30,542
10/14/2020,02/01/2020,10/10/2020,IN,Greene County,18055,30,187
10/14/2020,02/01/2020,10/10/2020,IN,Hamilton County,18057,108,1473
10/14/2020,02/01/2020,10/10/2020,IN,Hancock County,18059,32,449
10/14/2020,02/01/2020,10/10/2020,IN,Harrison County,18061,16,244
10/14/2020,02/01/2020,10/10/2020,IN,Hendricks County,18063,154,1145
10/14/2020,02/01/2020,10/10/2020,IN,Henry County,18065,11,336
10/14/2020,02/01/2020,10/10/2020,IN,Howard County,18067,68,788
10/14/2020,02/01/2020,10/10/2020,IN,Jackson County,18071,11,310
10/14/2020,02/01/2020,10/10/2020,IN,Johnson County,18081,91,856
10/14/2020,02/01/2020,10/10/2020,IN,Knox County,18083,23,356
10/14/2020,02/01/2020,10/10/2020,IN,Lake County,18089,446,4584
10/14/2020,02/01/2020,10/10/2020,IN,La Porte County,18091,50,869
10/14/2020,02/01/2020,10/10/2020,IN,Lawrence County,18093,30,319
10/14/2020,02/01/2020,10/10/2020,IN,Madison County,18095,83,1021
10/14/2020,02/01/2020,10/10/2020,IN,Marion County,18097,958,7923
10/14/2020,02/01/2020,10/10/2020,IN,Marshall County,18099,28,325
10/14/2020,02/01/2020,10/10/2020,IN,Monroe County,18105,61,975
10/14/2020,02/01/2020,10/10/2020,IN,Montgomery County,18107,19,247
10/14/2020,02/01/2020,10/10/2020,IN,Morgan County,18109,34,394
10/14/2020,02/01/2020,10/10/2020,IN,Newton County,18111,10,86
10/14/2020,02/01/2020,10/10/2020,IN,Noble County,18113,24,281
10/14/2020,02/01/2020,10/10/2020,IN,Orange County,18117,16,125
10/14/2020,02/01/2020,10/10/2020,IN,Perry County,18123,12,127
10/14/2020,02/01/2020,10/10/2020,IN,Porter County,18127,45,1167
10/14/2020,02/01/2020,10/10/2020,IN,St. Joseph County,18141,125,2193
10/14/2020,02/01/2020,10/10/2020,IN,Shelby County,18145,27,295
10/14/2020,02/01/2020,10/10/2020,IN,Tippecanoe County,18157,44,1118
10/14/2020,02/01/2020,10/10/2020,IN,Tipton County,18159,25,134
10/14/2020,02/01/2020,10/10/2020,IN,Vanderburgh County,18163,81,1930
10/14/2020,02/01/2020,10/10/2020,IN,Vigo County,18167,58,1014
10/14/2020,02/01/2020,10/10/2020,IN,Warrick County,18173,39,693
10/14/2020,02/01/2020,10/10/2020,IN,Wayne County,18177,25,772
10/14/2020,02/01/2020,10/10/2020,KS,Douglas County,20045,17,562
10/14/2020,02/01/2020,10/10/2020,KS,Ellis County,20051,19,249
10/14/2020,02/01/2020,10/10/2020,KS,Finney County,20055,23,185
10/14/2020,02/01/2020,10/10/2020,KS,Ford County,20057,17,171
10/14/2020,02/01/2020,10/10/2020,KS,Johnson County,20091,172,3048
10/14/2020,02/01/2020,10/10/2020,KS,Lyon County,20111,27,190
10/14/2020,02/01/2020,10/10/2020,KS,Saline County,20169,13,463
10/14/2020,02/01/2020,10/10/2020,KS,Sedgwick County,20173,175,4197
10/14/2020,02/01/2020,10/10/2020,KS,Seward County,20175,11,104
10/14/2020,02/01/2020,10/10/2020,KS,Shawnee County,20177,69,1627
10/14/2020,02/01/2020,10/10/2020,KS,Wyandotte County,20209,152,1454
10/14/2020,02/01/2020,10/10/2020,KY,Barren County,21009,17,399
10/14/2020,02/01/2020,10/10/2020,KY,Bell County,21013,10,207
10/14/2020,02/01/2020,10/10/2020,KY,Boone County,21015,10,542
10/14/2020,02/01/2020,10/10/2020,KY,Boyd County,21019,23,777
10/14/2020,02/01/2020,10/10/2020,KY,Boyle County,21021,24,350
10/14/2020,02/01/2020,10/10/2020,KY,Campbell County,21037,76,595
10/14/2020,02/01/2020,10/10/2020,KY,Casey County,21045,10,99
10/14/2020,02/01/2020,10/10/2020,KY,Christian County,21047,13,351
10/14/2020,02/01/2020,10/10/2020,KY,Daviess County,21059,38,915
10/14/2020,02/01/2020,10/10/2020,KY,Fayette County,21067,99,3547
10/14/2020,02/01/2020,10/10/2020,KY,Franklin County,21073,16,404
10/14/2020,02/01/2020,10/10/2020,KY,Graves County,21083,35,303
10/14/2020,02/01/2020,10/10/2020,KY,Hardin County,21093,13,761
10/14/2020,02/01/2020,10/10/2020,KY,Hopkins County,21107,37,488
10/14/2020,02/01/2020,10/10/2020,KY,Jefferson County,21111,475,7586
10/14/2020,02/01/2020,10/10/2020,KY,Kenton County,21117,50,1221
10/14/2020,02/01/2020,10/10/2020,KY,Laurel County,21125,12,457
10/14/2020,02/01/2020,10/10/2020,KY,McCracken County,21145,22,869
10/14/2020,02/01/2020,10/10/2020,KY,Mercer County,21167,10,157
10/14/2020,02/01/2020,10/10/2020,KY,Perry County,21193,11,590
10/14/2020,02/01/2020,10/10/2020,KY,Pike County,21195,24,875
10/14/2020,02/01/2020,10/10/2020,KY,Pulaski County,21199,14,648
10/14/2020,02/01/2020,10/10/2020,KY,Scott County,21209,12,242
10/14/2020,02/01/2020,10/10/2020,KY,Shelby County,21211,13,181
10/14/2020,02/01/2020,10/10/2020,KY,Warren County,21227,107,1151
10/14/2020,02/01/2020,10/10/2020,LA,Acadia Parish,22001,56,444
10/14/2020,02/01/2020,10/10/2020,LA,Allen Parish,22003,16,155
10/14/2020,02/01/2020,10/10/2020,LA,Ascension Parish,22005,32,410
10/14/2020,02/01/2020,10/10/2020,LA,Avoyelles Parish,22009,16,293
10/14/2020,02/01/2020,10/10/2020,LA,Beauregard Parish,22011,28,218
10/14/2020,02/01/2020,10/10/2020,LA,Bossier Parish,22015,71,708
10/14/2020,02/01/2020,10/10/2020,LA,Caddo Parish,22017,527,3007
10/14/2020,02/01/2020,10/10/2020,LA,Calcasieu Parish,22019,191,1651
10/14/2020,02/01/2020,10/10/2020,LA,Claiborne Parish,22027,14,116
10/14/2020,02/01/2020,10/10/2020,LA,De Soto Parish,22031,12,110
10/14/2020,02/01/2020,10/10/2020,LA,East Baton Rouge Parish,22033,752,4424
10/14/2020,02/01/2020,10/10/2020,LA,East Feliciana Parish,22037,12,128
10/14/2020,02/01/2020,10/10/2020,LA,Evangeline Parish,22039,20,239
10/14/2020,02/01/2020,10/10/2020,LA,Grant Parish,22043,10,125
10/14/2020,02/01/2020,10/10/2020,LA,Iberia Parish,22045,58,577
10/14/2020,02/01/2020,10/10/2020,LA,Jefferson Parish,22051,793,4311
10/14/2020,02/01/2020,10/10/2020,LA,Jefferson Davis Parish,22053,37,277
10/14/2020,02/01/2020,10/10/2020,LA,Lafayette Parish,22055,252,2000
10/14/2020,02/01/2020,10/10/2020,LA,Lafourche Parish,22057,126,728
10/14/2020,02/01/2020,10/10/2020,LA,Lincoln Parish,22061,57,357
10/14/2020,02/01/2020,10/10/2020,LA,Livingston Parish,22063,16,531
10/14/2020,02/01/2020,10/10/2020,LA,Natchitoches Parish,22069,17,237
10/14/2020,02/01/2020,10/10/2020,LA,Orleans Parish,22071,428,3098
10/14/2020,02/01/2020,10/10/2020,LA,Ouachita Parish,22073,223,1522
10/14/2020,02/01/2020,10/10/2020,LA,Pointe Coupee Parish,22077,18,165
10/14/2020,02/01/2020,10/10/2020,LA,Rapides Parish,22079,224,1579
10/14/2020,02/01/2020,10/10/2020,LA,St. Bernard Parish,22087,17,203
10/14/2020,02/01/2020,10/10/2020,LA,St. Charles Parish,22089,31,268
10/14/2020,02/01/2020,10/10/2020,LA,St. James Parish,22093,16,104
10/14/2020,02/01/2020,10/10/2020,LA,St. John the Baptist Parish,22095,34,211
10/14/2020,02/01/2020,10/10/2020,LA,St. Landry Parish,22097,108,718
10/14/2020,02/01/2020,10/10/2020,LA,St. Martin Parish,22099,20,288
10/14/2020,02/01/2020,10/10/2020,LA,St. Mary Parish,22101,54,346
10/14/2020,02/01/2020,10/10/2020,LA,St. Tammany Parish,22103,269,2058
10/14/2020,02/01/2020,10/10/2020,LA,Tangipahoa Parish,22105,99,968
10/14/2020,02/01/2020,10/10/2020,LA,Terrebonne Parish,22109,111,881
10/14/2020,02/01/2020,10/10/2020,LA,Union Parish,22111,22,186
10/14/2020,02/01/2020,10/10/2020,LA,Vermilion Parish,22113,25,387
10/14/2020,02/01/2020,10/10/2020,LA,Vernon Parish,22115,25,257
10/14/2020,02/01/2020,10/10/2020,LA,Washington Parish,22117,30,342
10/14/2020,02/01/2020,10/10/2020,LA,Webster Parish,22119,15,321
10/14/2020,02/01/2020,10/10/2020,LA,Winn Parish,22127,19,116
10/14/2020,02/01/2020,10/10/2020,MA,Barnstable County,25001,134,2024
10/14/2020,02/01/2020,10/10/2020,MA,Berkshire County,25003,41,1099
10/14/2020,02/01/2020,10/10/2020,MA,Bristol County,25005,555,3911
10/14/2020,02/01/2020,10/10/2020,MA,Essex County,25009,1021,5714
10/14/2020,02/01/2020,10/10/2020,MA,Franklin County,25011,36,410
10/14/2020,02/01/2020,10/10/2020,MA,Hampden County,25013,682,4301
10/14/2020,02/01/2020,10/10/2020,MA,Hampshire County,25015,114,938
10/14/2020,02/01/2020,10/10/2020,MA,Middlesex County,25017,1881,9159
10/14/2020,02/01/2020,10/10/2020,MA,Norfolk County,25021,766,4385
10/14/2020,02/01/2020,10/10/2020,MA,Plymouth County,25023,613,3564
10/14/2020,02/01/2020,10/10/2020,MA,Suffolk County,25025,1276,6644
10/14/2020,02/01/2020,10/10/2020,MA,Worcester County,25027,992,5932
10/14/2020,02/01/2020,10/10/2020,MD,Allegany County,24001,24,756
10/14/2020,02/01/2020,10/10/2020,MD,Anne Arundel County,24003,322,3464
10/14/2020,02/01/2020,10/10/2020,MD,Baltimore County,24005,677,6523
10/14/2020,02/01/2020,10/10/2020,MD,Calvert County,24009,15,444
10/14/2020,02/01/2020,10/10/2020,MD,Carroll County,24013,154,1265
10/14/2020,02/01/2020,10/10/2020,MD,Cecil County,24015,40,684
10/14/2020,02/01/2020,10/10/2020,MD,Charles County,24017,89,773
10/14/2020,02/01/2020,10/10/2020,MD,Frederick County,24021,135,1476
10/14/2020,02/01/2020,10/10/2020,MD,Harford County,24025,65,1524
10/14/2020,02/01/2020,10/10/2020,MD,Howard County,24027,97,1335
10/14/2020,02/01/2020,10/10/2020,MD,Kent County,24029,30,226
10/14/2020,02/01/2020,10/10/2020,MD,Montgomery County,24031,1128,5987
10/14/2020,02/01/2020,10/10/2020,MD,Prince George's County,24033,604,4514
10/14/2020,02/01/2020,10/10/2020,MD,St. Mary's County,24037,72,637
10/14/2020,02/01/2020,10/10/2020,MD,Talbot County,24041,27,474
10/14/2020,02/01/2020,10/10/2020,MD,Washington County,24043,45,1263
10/14/2020,02/01/2020,10/10/2020,MD,Wicomico County,24045,70,1039
10/14/2020,02/01/2020,10/10/2020,MD,Worcester County,24047,40,494
10/14/2020,02/01/2020,10/10/2020,MD,Baltimore city,24510,674,6793
10/14/2020,02/01/2020,10/10/2020,ME,Androscoggin County,23001,11,968
10/14/2020,02/01/2020,10/10/2020,ME,Cumberland County,23005,88,2746
10/14/2020,02/01/2020,10/10/2020,ME,Kennebec County,23011,11,996
10/14/2020,02/01/2020,10/10/2020,ME,Waldo County,23027,16,213
10/14/2020,02/01/2020,10/10/2020,ME,York County,23031,15,1090
10/14/2020,02/01/2020,10/10/2020,MI,Alpena County,26007,15,284
10/14/2020,02/01/2020,10/10/2020,MI,Bay County,26017,40,1013
10/14/2020,02/01/2020,10/10/2020,MI,Berrien County,26021,74,1203
10/14/2020,02/01/2020,10/10/2020,MI,Calhoun County,26025,40,1144
10/14/2020,02/01/2020,10/10/2020,MI,Crawford County,26039,11,149
10/14/2020,02/01/2020,10/10/2020,MI,Genesee County,26049,280,3596
10/14/2020,02/01/2020,10/10/2020,MI,Grand Traverse County,26055,18,993
10/14/2020,02/01/2020,10/10/2020,MI,Gratiot County,26057,17,312
10/14/2020,02/01/2020,10/10/2020,MI,Hillsdale County,26059,23,311
10/14/2020,02/01/2020,10/10/2020,MI,Ingham County,26065,83,2215
10/14/2020,02/01/2020,10/10/2020,MI,Jackson County,26075,85,1323
10/14/2020,02/01/2020,10/10/2020,MI,Kalamazoo County,26077,116,2162
10/14/2020,02/01/2020,10/10/2020,MI,Kent County,26081,173,4330
10/14/2020,02/01/2020,10/10/2020,MI,Lapeer County,26087,33,601
10/14/2020,02/01/2020,10/10/2020,MI,Livingston County,26093,35,934
10/14/2020,02/01/2020,10/10/2020,MI,Macomb County,26099,701,6084
10/14/2020,02/01/2020,10/10/2020,MI,Marquette County,26103,16,508
10/14/2020,02/01/2020,10/10/2020,MI,Midland County,26111,11,671
10/14/2020,02/01/2020,10/10/2020,MI,Monroe County,26115,11,817
10/14/2020,02/01/2020,10/10/2020,MI,Muskegon County,26121,82,1347
10/14/2020,02/01/2020,10/10/2020,MI,Oakland County,26125,1413,10092
10/14/2020,02/01/2020,10/10/2020,MI,Ottawa County,26139,43,1333
10/14/2020,02/01/2020,10/10/2020,MI,Saginaw County,26145,173,1950
10/14/2020,02/01/2020,10/10/2020,MI,St. Clair County,26147,47,1182
10/14/2020,02/01/2020,10/10/2020,MI,Shiawassee County,26155,19,484
10/14/2020,02/01/2020,10/10/2020,MI,Tuscola County,26157,12,314
10/14/2020,02/01/2020,10/10/2020,MI,Washtenaw County,26161,272,2832
10/14/2020,02/01/2020,10/10/2020,MI,Wayne County,26163,2359,15436
10/14/2020,02/01/2020,10/10/2020,MN,Anoka County,27003,165,1591
10/14/2020,02/01/2020,10/10/2020,MN,Blue Earth County,27013,16,404
10/14/2020,02/01/2020,10/10/2020,MN,Clay County,27027,27,230
10/14/2020,02/01/2020,10/10/2020,MN,Crow Wing County,27035,17,435
10/14/2020,02/01/2020,10/10/2020,MN,Dakota County,27037,68,1622
10/14/2020,02/01/2020,10/10/2020,MN,Hennepin County,27053,956,8087
10/14/2020,02/01/2020,10/10/2020,MN,Itasca County,27061,11,310
10/14/2020,02/01/2020,10/10/2020,MN,Nicollet County,27103,12,131
10/14/2020,02/01/2020,10/10/2020,MN,Olmsted County,27109,44,1452
10/14/2020,02/01/2020,10/10/2020,MN,Pipestone County,27117,12,75
10/14/2020,02/01/2020,10/10/2020,MN,Ramsey County,27123,434,3993
10/14/2020,02/01/2020,10/10/2020,MN,St. Louis County,27137,71,1947
10/14/2020,02/01/2020,10/10/2020,MN,Scott County,27139,23,472
10/14/2020,02/01/2020,10/10/2020,MN,Sherburne County,27141,13,372
10/14/2020,02/01/2020,10/10/2020,MN,Stearns County,27145,40,1230
10/14/2020,02/01/2020,10/10/2020,MN,Washington County,27163,36,1080
10/14/2020,02/01/2020,10/10/2020,MN,Winona County,27169,19,247
10/14/2020,02/01/2020,10/10/2020,MO,Boone County,29019,42,1516
10/14/2020,02/01/2020,10/10/2020,MO,Buchanan County,29021,17,748
10/14/2020,02/01/2020,10/10/2020,MO,Butler County,29023,20,503
10/14/2020,02/01/2020,10/10/2020,MO,Camden County,29029,15,404
10/14/2020,02/01/2020,10/10/2020,MO,Cape Girardeau County,29031,62,1016
10/14/2020,02/01/2020,10/10/2020,MO,Cass County,29037,23,538
10/14/2020,02/01/2020,10/10/2020,MO,Clay County,29047,71,1636
10/14/2020,02/01/2020,10/10/2020,MO,Cole County,29051,30,637
10/14/2020,02/01/2020,10/10/2020,MO,Franklin County,29071,39,652
10/14/2020,02/01/2020,10/10/2020,MO,Gasconade County,29073,15,141
10/14/2020,02/01/2020,10/10/2020,MO,Greene County,29077,161,3082
10/14/2020,02/01/2020,10/10/2020,MO,Jackson County,29095,223,5607
10/14/2020,02/01/2020,10/10/2020,MO,Jasper County,29097,29,648
10/14/2020,02/01/2020,10/10/2020,MO,Jefferson County,29099,48,1087
10/14/2020,02/01/2020,10/10/2020,MO,Johnson County,29101,11,280
10/14/2020,02/01/2020,10/10/2020,MO,Laclede County,29105,15,216
10/14/2020,02/01/2020,10/10/2020,MO,Marion County,29127,13,267
10/14/2020,02/01/2020,10/10/2020,MO,Newton County,29145,65,1062
10/14/2020,02/01/2020,10/10/2020,MO,Pemiscot County,29155,12,144
10/14/2020,02/01/2020,10/10/2020,MO,Phelps County,29161,15,358
10/14/2020,02/01/2020,10/10/2020,MO,Platte County,29165,11,456
10/14/2020,02/01/2020,10/10/2020,MO,St. Charles County,29183,136,2172
10/14/2020,02/01/2020,10/10/2020,MO,St. Francois County,29187,14,509
10/14/2020,02/01/2020,10/10/2020,MO,St. Louis County,29189,868,9410
10/14/2020,02/01/2020,10/10/2020,MO,Scott County,29201,16,325
10/14/2020,02/01/2020,10/10/2020,MO,Taney County,29213,21,392
10/14/2020,02/01/2020,10/10/2020,MO,St. Louis city,29510,240,3423
10/14/2020,02/01/2020,10/10/2020,MS,Adams County,28001,43,295
10/14/2020,02/01/2020,10/10/2020,MS,Alcorn County,28003,34,417
10/14/2020,02/01/2020,10/10/2020,MS,Attala County,28007,13,176
10/14/2020,02/01/2020,10/10/2020,MS,Bolivar County,28011,37,264
10/14/2020,02/01/2020,10/10/2020,MS,Clarke County,28023,17,99
10/14/2020,02/01/2020,10/10/2020,MS,Coahoma County,28027,27,209
10/14/2020,02/01/2020,10/10/2020,MS,Copiah County,28029,14,179
10/14/2020,02/01/2020,10/10/2020,MS,DeSoto County,28033,122,1140
10/14/2020,02/01/2020,10/10/2020,MS,Forrest County,28035,200,1198
10/14/2020,02/01/2020,10/10/2020,MS,Grenada County,28043,20,219
10/14/2020,02/01/2020,10/10/2020,MS,Hancock County,28045,11,273
10/14/2020,02/01/2020,10/10/2020,MS,Harrison County,28047,95,1752
10/14/2020,02/01/2020,10/10/2020,MS,Hinds County,28049,506,3473
10/14/2020,02/01/2020,10/10/2020,MS,Holmes County,28051,18,130
10/14/2020,02/01/2020,10/10/2020,MS,Jackson County,28059,77,1110
10/14/2020,02/01/2020,10/10/2020,MS,Jones County,28067,70,529
10/14/2020,02/01/2020,10/10/2020,MS,Lafayette County,28071,101,590
10/14/2020,02/01/2020,10/10/2020,MS,Lamar County,28073,62,401
10/14/2020,02/01/2020,10/10/2020,MS,Lauderdale County,28075,249,1115
10/14/2020,02/01/2020,10/10/2020,MS,Lawrence County,28077,10,99
10/14/2020,02/01/2020,10/10/2020,MS,Leake County,28079,14,132
10/14/2020,02/01/2020,10/10/2020,MS,Lee County,28081,209,1611
10/14/2020,02/01/2020,10/10/2020,MS,Leflore County,28083,89,407
10/14/2020,02/01/2020,10/10/2020,MS,Lincoln County,28085,44,309
10/14/2020,02/01/2020,10/10/2020,MS,Lowndes County,28087,79,615
10/14/2020,02/01/2020,10/10/2020,MS,Madison County,28089,57,748
10/14/2020,02/01/2020,10/10/2020,MS,Monroe County,28095,49,298
10/14/2020,02/01/2020,10/10/2020,MS,Montgomery County,28097,12,101
10/14/2020,02/01/2020,10/10/2020,MS,Neshoba County,28099,18,223
10/14/2020,02/01/2020,10/10/2020,MS,Oktibbeha County,28105,42,249
10/14/2020,02/01/2020,10/10/2020,MS,Panola County,28107,12,201
10/14/2020,02/01/2020,10/10/2020,MS,Pearl River County,28109,27,415
10/14/2020,02/01/2020,10/10/2020,MS,Pike County,28113,52,417
10/14/2020,02/01/2020,10/10/2020,MS,Rankin County,28121,38,752
10/14/2020,02/01/2020,10/10/2020,MS,Simpson County,28127,26,207
10/14/2020,02/01/2020,10/10/2020,MS,Sunflower County,28133,30,228
10/14/2020,02/01/2020,10/10/2020,MS,Tate County,28137,12,148
10/14/2020,02/01/2020,10/10/2020,MS,Tishomingo County,28141,22,189
10/14/2020,02/01/2020,10/10/2020,MS,Warren County,28149,68,451
10/14/2020,02/01/2020,10/10/2020,MS,Washington County,28151,89,541
10/14/2020,02/01/2020,10/10/2020,MS,Wayne County,28153,19,146
10/14/2020,02/01/2020,10/10/2020,MS,Webster County,28155,13,103
10/14/2020,02/01/2020,10/10/2020,MS,Winston County,28159,11,127
10/14/2020,02/01/2020,10/10/2020,MS,Yazoo County,28163,16,171
10/14/2020,02/01/2020,10/10/2020,MT,Flathead County,30029,26,801
10/14/2020,02/01/2020,10/10/2020,MT,Yellowstone County,30111,111,1467
10/14/2020,02/01/2020,10/10/2020,NC,Alamance County,37001,18,954
10/14/2020,02/01/2020,10/10/2020,NC,Brunswick County,37019,15,750
10/14/2020,02/01/2020,10/10/2020,NC,Buncombe County,37021,101,2206
10/14/2020,02/01/2020,10/10/2020,NC,Burke County,37023,34,586
10/14/2020,02/01/2020,10/10/2020,NC,Cabarrus County,37025,73,1190
10/14/2020,02/01/2020,10/10/2020,NC,Caldwell County,37027,14,509
10/14/2020,02/01/2020,10/10/2020,NC,Catawba County,37035,47,1151
10/14/2020,02/01/2020,10/10/2020,NC,Chatham County,37037,48,523
10/14/2020,02/01/2020,10/10/2020,NC,Cleveland County,37045,29,700
10/14/2020,02/01/2020,10/10/2020,NC,Columbus County,37047,18,410
10/14/2020,02/01/2020,10/10/2020,NC,Craven County,37049,30,731
10/14/2020,02/01/2020,10/10/2020,NC,Cumberland County,37051,77,1715
10/14/2020,02/01/2020,10/10/2020,NC,Davidson County,37057,18,868
10/14/2020,02/01/2020,10/10/2020,NC,Duplin County,37061,19,271
10/14/2020,02/01/2020,10/10/2020,NC,Durham County,37063,142,2084
10/14/2020,02/01/2020,10/10/2020,NC,Edgecombe County,37065,11,328
10/14/2020,02/01/2020,10/10/2020,NC,Forsyth County,37067,127,3098
10/14/2020,02/01/2020,10/10/2020,NC,Franklin County,37069,10,220
10/14/2020,02/01/2020,10/10/2020,NC,Gaston County,37071,46,1393
10/14/2020,02/01/2020,10/10/2020,NC,Guilford County,37081,201,3065
10/14/2020,02/01/2020,10/10/2020,NC,Halifax County,37083,13,324
10/14/2020,02/01/2020,10/10/2020,NC,Harnett County,37085,28,520
10/14/2020,02/01/2020,10/10/2020,NC,Haywood County,37087,27,442
10/14/2020,02/01/2020,10/10/2020,NC,Henderson County,37089,64,878
10/14/2020,02/01/2020,10/10/2020,NC,Hertford County,37091,21,184
10/14/2020,02/01/2020,10/10/2020,NC,Iredell County,37097,24,957
10/14/2020,02/01/2020,10/10/2020,NC,Johnston County,37101,27,784
10/14/2020,02/01/2020,10/10/2020,NC,Lenoir County,37107,16,335
10/14/2020,02/01/2020,10/10/2020,NC,Lincoln County,37109,13,413
10/14/2020,02/01/2020,10/10/2020,NC,McDowell County,37111,12,210
10/14/2020,02/01/2020,10/10/2020,NC,Mecklenburg County,37119,286,4569
10/14/2020,02/01/2020,10/10/2020,NC,Moore County,37125,53,866
10/14/2020,02/01/2020,10/10/2020,NC,Nash County,37127,18,560
10/14/2020,02/01/2020,10/10/2020,NC,New Hanover County,37129,51,1743
10/14/2020,02/01/2020,10/10/2020,NC,Onslow County,37133,13,537
10/14/2020,02/01/2020,10/10/2020,NC,Orange County,37135,73,792
10/14/2020,02/01/2020,10/10/2020,NC,Pasquotank County,37139,23,315
10/14/2020,02/01/2020,10/10/2020,NC,Pitt County,37147,61,1490
10/14/2020,02/01/2020,10/10/2020,NC,Randolph County,37151,20,705
10/14/2020,02/01/2020,10/10/2020,NC,Robeson County,37155,50,714
10/14/2020,02/01/2020,10/10/2020,NC,Rowan County,37159,56,882
10/14/2020,02/01/2020,10/10/2020,NC,Rutherford County,37161,13,433
10/14/2020,02/01/2020,10/10/2020,NC,Scotland County,37165,12,304
10/14/2020,02/01/2020,10/10/2020,NC,Stanly County,37167,14,367
10/14/2020,02/01/2020,10/10/2020,NC,Surry County,37171,11,565
10/14/2020,02/01/2020,10/10/2020,NC,Union County,37179,37,784
10/14/2020,02/01/2020,10/10/2020,NC,Vance County,37181,45,321
10/14/2020,02/01/2020,10/10/2020,NC,Wake County,37183,259,3951
10/14/2020,02/01/2020,10/10/2020,NC,Wayne County,37191,58,919
10/14/2020,02/01/2020,10/10/2020,NC,Wilkes County,37193,12,400
10/14/2020,02/01/2020,10/10/2020,NC,Wilson County,37195,38,517
10/14/2020,02/01/2020,10/10/2020,ND,Burleigh County,38015,63,830
10/14/2020,02/01/2020,10/10/2020,ND,Cass County,38017,122,1427
10/14/2020,02/01/2020,10/10/2020,ND,Grand Forks County,38035,21,486
10/14/2020,02/01/2020,10/10/2020,ND,Morton County,38059,11,200
10/14/2020,02/01/2020,10/10/2020,ND,Stark County,38089,12,145
10/14/2020,02/01/2020,10/10/2020,ND,Ward County,38101,20,481
10/14/2020,02/01/2020,10/10/2020,NE,Adams County,31001,15,216
10/14/2020,02/01/2020,10/10/2020,NE,Buffalo County,31019,24,382
10/14/2020,02/01/2020,10/10/2020,NE,Dakota County,31043,10,81
10/14/2020,02/01/2020,10/10/2020,NE,Dodge County,31053,18,288
10/14/2020,02/01/2020,10/10/2020,NE,Douglas County,31055,257,3805
10/14/2020,02/01/2020,10/10/2020,NE,Hall County,31079,39,366
10/14/2020,02/01/2020,10/10/2020,NE,Hamilton County,31081,15,58
10/14/2020,02/01/2020,10/10/2020,NE,Lancaster County,31109,56,1974
10/14/2020,02/01/2020,10/10/2020,NE,Lincoln County,31111,10,282
10/14/2020,02/01/2020,10/10/2020,NE,Perkins County,31135,10,30
10/14/2020,02/01/2020,10/10/2020,NE,Sarpy County,31153,14,621
10/14/2020,02/01/2020,10/10/2020,NE,Scotts Bluff County,31157,10,321
10/14/2020,02/01/2020,10/10/2020,NH,Hillsborough County,33011,304,2717
10/14/2020,02/01/2020,10/10/2020,NH,Merrimack County,33013,25,1117
10/14/2020,02/01/2020,10/10/2020,NH,Rockingham County,33015,83,1678
10/14/2020,02/01/2020,10/10/2020,NJ,Atlantic County,34001,213,2231
10/14/2020,02/01/2020,10/10/2020,NJ,Bergen County,34003,2066,7514
10/14/2020,02/01/2020,10/10/2020,NJ,Burlington County,34005,446,2875
10/14/2020,02/01/2020,10/10/2020,NJ,Camden County,34007,572,4787
10/14/2020,02/01/2020,10/10/2020,NJ,Cape May County,34009,78,848
10/14/2020,02/01/2020,10/10/2020,NJ,Cumberland County,34011,119,1188
10/14/2020,02/01/2020,10/10/2020,NJ,Essex County,34013,2036,7015
10/14/2020,02/01/2020,10/10/2020,NJ,Gloucester County,34015,206,2009
10/14/2020,02/01/2020,10/10/2020,NJ,Hudson County,34017,1093,3589
10/14/2020,02/01/2020,10/10/2020,NJ,Hunterdon County,34019,121,673
10/14/2020,02/01/2020,10/10/2020,NJ,Mercer County,34021,530,2499
10/14/2020,02/01/2020,10/10/2020,NJ,Middlesex County,34023,1475,6178
10/14/2020,02/01/2020,10/10/2020,NJ,Monmouth County,34025,858,5214
10/14/2020,02/01/2020,10/10/2020,NJ,Morris County,34027,991,4401
10/14/2020,02/01/2020,10/10/2020,NJ,Ocean County,34029,835,5484
10/14/2020,02/01/2020,10/10/2020,NJ,Passaic County,34031,999,3544
10/14/2020,02/01/2020,10/10/2020,NJ,Salem County,34033,61,500
10/14/2020,02/01/2020,10/10/2020,NJ,Somerset County,34035,404,1957
10/14/2020,02/01/2020,10/10/2020,NJ,Sussex County,34037,158,931
10/14/2020,02/01/2020,10/10/2020,NJ,Union County,34039,998,3923
10/14/2020,02/01/2020,10/10/2020,NJ,Warren County,34041,139,752
10/14/2020,02/01/2020,10/10/2020,NM,Bernalillo County,35001,354,5411
10/14/2020,02/01/2020,10/10/2020,NM,Dona Ana County,35013,46,1352
10/14/2020,02/01/2020,10/10/2020,NM,McKinley County,35031,96,443
10/14/2020,02/01/2020,10/10/2020,NM,Sandoval County,35043,85,969
10/14/2020,02/01/2020,10/10/2020,NM,San Juan County,35045,189,902
10/14/2020,02/01/2020,10/10/2020,NM,Santa Fe County,35049,15,924
10/14/2020,02/01/2020,10/10/2020,NV,Clark County,32003,1341,14305
10/14/2020,02/01/2020,10/10/2020,NV,Washoe County,32031,176,3445
10/14/2020,02/01/2020,10/10/2020,NV,Carson City,32510,12,764
10/14/2020,02/01/2020,10/10/2020,NY,Albany County,36001,208,2839
10/14/2020,02/01/2020,10/10/2020,NY,Bronx County,36005,4307,13184
10/14/2020,02/01/2020,10/10/2020,NY,Broome County,36007,104,1777
10/14/2020,02/01/2020,10/10/2020,NY,Cattaraugus County,36009,11,526
10/14/2020,02/01/2020,10/10/2020,NY,Chemung County,36015,13,646
10/14/2020,02/01/2020,10/10/2020,NY,Columbia County,36021,47,452
10/14/2020,02/01/2020,10/10/2020,NY,Dutchess County,36027,201,2032
10/14/2020,02/01/2020,10/10/2020,NY,Erie County,36029,734,7870
10/14/2020,02/01/2020,10/10/2020,NY,Fulton County,36035,31,359
10/14/2020,02/01/2020,10/10/2020,NY,Herkimer County,36043,13,344
10/14/2020,02/01/2020,10/10/2020,NY,Kings County,36047,6081,17827
10/14/2020,02/01/2020,10/10/2020,NY,Madison County,36053,12,369
10/14/2020,02/01/2020,10/10/2020,NY,Monroe County,36055,346,5921
10/14/2020,02/01/2020,10/10/2020,NY,Nassau County,36059,3238,11850
10/14/2020,02/01/2020,10/10/2020,NY,New York County,36061,3973,13734
10/14/2020,02/01/2020,10/10/2020,NY,Niagara County,36063,80,1593
10/14/2020,02/01/2020,10/10/2020,NY,Oneida County,36065,135,2035
10/14/2020,02/01/2020,10/10/2020,NY,Onondaga County,36067,251,4039
10/14/2020,02/01/2020,10/10/2020,NY,Ontario County,36069,31,754
10/14/2020,02/01/2020,10/10/2020,NY,Orange County,36071,481,2438
10/14/2020,02/01/2020,10/10/2020,NY,Orleans County,36073,44,242
10/14/2020,02/01/2020,10/10/2020,NY,Otsego County,36077,13,593
10/14/2020,02/01/2020,10/10/2020,NY,Putnam County,36079,70,425
10/14/2020,02/01/2020,10/10/2020,NY,Queens County,36081,5453,15521
10/14/2020,02/01/2020,10/10/2020,NY,Rensselaer County,36083,41,1074
10/14/2020,02/01/2020,10/10/2020,NY,Richmond County,36085,986,3638
10/14/2020,02/01/2020,10/10/2020,NY,Rockland County,36087,660,2212
10/14/2020,02/01/2020,10/10/2020,NY,Schenectady County,36093,36,1158
10/14/2020,02/01/2020,10/10/2020,NY,Steuben County,36101,46,693
10/14/2020,02/01/2020,10/10/2020,NY,Suffolk County,36103,2708,11604
10/14/2020,02/01/2020,10/10/2020,NY,Sullivan County,36105,44,480
10/14/2020,02/01/2020,10/10/2020,NY,Tioga County,36107,18,223
10/14/2020,02/01/2020,10/10/2020,NY,Ulster County,36111,59,1007
10/14/2020,02/01/2020,10/10/2020,NY,Warren County,36113,44,698
10/14/2020,02/01/2020,10/10/2020,NY,Washington County,36115,12,390
10/14/2020,02/01/2020,10/10/2020,NY,Westchester County,36119,1887,6944
10/14/2020,02/01/2020,10/10/2020,OH,Allen County,39003,84,1059
10/14/2020,02/01/2020,10/10/2020,OH,Ashtabula County,39007,34,693
10/14/2020,02/01/2020,10/10/2020,OH,Butler County,39017,92,2267
10/14/2020,02/01/2020,10/10/2020,OH,Clark County,39023,35,1142
10/14/2020,02/01/2020,10/10/2020,OH,Clermont County,39025,10,828
10/14/2020,02/01/2020,10/10/2020,OH,Columbiana County,39029,64,797
10/14/2020,02/01/2020,10/10/2020,OH,Cuyahoga County,39035,727,11797
10/14/2020,02/01/2020,10/10/2020,OH,Darke County,39037,34,371
10/14/2020,02/01/2020,10/10/2020,OH,Erie County,39043,41,793
10/14/2020,02/01/2020,10/10/2020,OH,Fairfield County,39045,44,1000
10/14/2020,02/01/2020,10/10/2020,OH,Franklin County,39049,752,9907
10/14/2020,02/01/2020,10/10/2020,OH,Gallia County,39053,16,276
10/14/2020,02/01/2020,10/10/2020,OH,Geauga County,39055,52,637
10/14/2020,02/01/2020,10/10/2020,OH,Greene County,39057,27,854
10/14/2020,02/01/2020,10/10/2020,OH,Hamilton County,39061,344,7258
10/14/2020,02/01/2020,10/10/2020,OH,Hancock County,39063,22,615
10/14/2020,02/01/2020,10/10/2020,OH,Lake County,39085,43,1437
10/14/2020,02/01/2020,10/10/2020,OH,Licking County,39089,55,1089
10/14/2020,02/01/2020,10/10/2020,OH,Lorain County,39093,62,1916
10/14/2020,02/01/2020,10/10/2020,OH,Lucas County,39095,434,4248
10/14/2020,02/01/2020,10/10/2020,OH,Mahoning County,39099,286,2702
10/14/2020,02/01/2020,10/10/2020,OH,Marion County,39101,33,507
10/14/2020,02/01/2020,10/10/2020,OH,Medina County,39103,24,906
10/14/2020,02/01/2020,10/10/2020,OH,Miami County,39109,34,684
10/14/2020,02/01/2020,10/10/2020,OH,Montgomery County,39113,244,5524
10/14/2020,02/01/2020,10/10/2020,OH,Muskingum County,39119,10,787
10/14/2020,02/01/2020,10/10/2020,OH,Ottawa County,39123,18,231
10/14/2020,02/01/2020,10/10/2020,OH,Pickaway County,39129,15,334
10/14/2020,02/01/2020,10/10/2020,OH,Portage County,39133,46,922
10/14/2020,02/01/2020,10/10/2020,OH,Putnam County,39137,14,167
10/14/2020,02/01/2020,10/10/2020,OH,Richland County,39139,20,1002
10/14/2020,02/01/2020,10/10/2020,OH,Ross County,39141,19,682
10/14/2020,02/01/2020,10/10/2020,OH,Sandusky County,39143,16,376
10/14/2020,02/01/2020,10/10/2020,OH,Scioto County,39145,12,821
10/14/2020,02/01/2020,10/10/2020,OH,Stark County,39151,178,3293
10/14/2020,02/01/2020,10/10/2020,OH,Summit County,39153,230,4491
10/14/2020,02/01/2020,10/10/2020,OH,Trumbull County,39155,77,1453
10/14/2020,02/01/2020,10/10/2020,OH,Tuscarawas County,39157,20,758
10/14/2020,02/01/2020,10/10/2020,OH,Warren County,39165,39,1257
10/14/2020,02/01/2020,10/10/2020,OH,Washington County,39167,28,581
10/14/2020,02/01/2020,10/10/2020,OH,Wayne County,39169,63,772
10/14/2020,02/01/2020,10/10/2020,OH,Wood County,39173,50,889
10/14/2020,02/01/2020,10/10/2020,OH,Wyandot County,39175,10,163
10/14/2020,02/01/2020,10/10/2020,OK,Bryan County,40013,14,310
10/14/2020,02/01/2020,10/10/2020,OK,Caddo County,40015,14,188
10/14/2020,02/01/2020,10/10/2020,OK,Canadian County,40017,10,469
10/14/2020,02/01/2020,10/10/2020,OK,Cleveland County,40027,88,1370
10/14/2020,02/01/2020,10/10/2020,OK,Comanche County,40031,20,720
10/14/2020,02/01/2020,10/10/2020,OK,Delaware County,40041,20,324
10/14/2020,02/01/2020,10/10/2020,OK,Garfield County,40047,30,540
10/14/2020,02/01/2020,10/10/2020,OK,McCurtain County,40089,11,219
10/14/2020,02/01/2020,10/10/2020,OK,Muskogee County,40101,41,673
10/14/2020,02/01/2020,10/10/2020,OK,Oklahoma County,40109,393,7287
10/14/2020,02/01/2020,10/10/2020,OK,Pittsburg County,40121,18,370
10/14/2020,02/01/2020,10/10/2020,OK,Rogers County,40131,11,521
10/14/2020,02/01/2020,10/10/2020,OK,Tulsa County,40143,378,5956
10/14/2020,02/01/2020,10/10/2020,OK,Washington County,40147,39,514
10/14/2020,02/01/2020,10/10/2020,OK,Woodward County,40153,12,139
10/14/2020,02/01/2020,10/10/2020,OR,Clackamas County,41005,52,2440
10/14/2020,02/01/2020,10/10/2020,OR,Deschutes County,41017,21,1179
10/14/2020,02/01/2020,10/10/2020,OR,Lane County,41039,18,2782
10/14/2020,02/01/2020,10/10/2020,OR,Lincoln County,41041,12,380
10/14/2020,02/01/2020,10/10/2020,OR,Linn County,41043,13,992
10/14/2020,02/01/2020,10/10/2020,OR,Malheur County,41045,10,204
10/14/2020,02/01/2020,10/10/2020,OR,Marion County,41047,79,2028
10/14/2020,02/01/2020,10/10/2020,OR,Multnomah County,41051,181,4781
10/14/2020,02/01/2020,10/10/2020,OR,Umatilla County,41059,31,445
10/14/2020,02/01/2020,10/10/2020,OR,Washington County,41067,84,2554
10/14/2020,02/01/2020,10/10/2020,OR,Yamhill County,41071,13,647
10/14/2020,02/01/2020,10/10/2020,PA,Adams County,42001,15,618
10/14/2020,02/01/2020,10/10/2020,PA,Allegheny County,42003,438,11689
10/14/2020,02/01/2020,10/10/2020,PA,Armstrong County,42005,16,451
10/14/2020,02/01/2020,10/10/2020,PA,Beaver County,42007,133,1405
10/14/2020,02/01/2020,10/10/2020,PA,Berks County,42011,388,3010
10/14/2020,02/01/2020,10/10/2020,PA,Blair County,42013,28,1346
10/14/2020,02/01/2020,10/10/2020,PA,Bradford County,42015,11,615
10/14/2020,02/01/2020,10/10/2020,PA,Bucks County,42017,593,4613
10/14/2020,02/01/2020,10/10/2020,PA,Butler County,42019,14,1318
10/14/2020,02/01/2020,10/10/2020,PA,Carbon County,42025,20,450
10/14/2020,02/01/2020,10/10/2020,PA,Centre County,42027,10,718
10/14/2020,02/01/2020,10/10/2020,PA,Chester County,42029,427,3252
10/14/2020,02/01/2020,10/10/2020,PA,Clearfield County,42033,11,663
10/14/2020,02/01/2020,10/10/2020,PA,Columbia County,42037,26,331
10/14/2020,02/01/2020,10/10/2020,PA,Cumberland County,42041,109,1834
10/14/2020,02/01/2020,10/10/2020,PA,Dauphin County,42043,203,2485
10/14/2020,02/01/2020,10/10/2020,PA,Delaware County,42045,754,4074
10/14/2020,02/01/2020,10/10/2020,PA,Erie County,42049,50,2296
10/14/2020,02/01/2020,10/10/2020,PA,Franklin County,42055,53,1152
10/14/2020,02/01/2020,10/10/2020,PA,Lackawanna County,42069,241,2301
10/14/2020,02/01/2020,10/10/2020,PA,Lancaster County,42071,438,3930
10/14/2020,02/01/2020,10/10/2020,PA,Lawrence County,42073,21,758
10/14/2020,02/01/2020,10/10/2020,PA,Lebanon County,42075,56,1025
10/14/2020,02/01/2020,10/10/2020,PA,Lehigh County,42077,518,3733
10/14/2020,02/01/2020,10/10/2020,PA,Luzerne County,42079,187,2971
10/14/2020,02/01/2020,10/10/2020,PA,Lycoming County,42081,31,1003
10/14/2020,02/01/2020,10/10/2020,PA,Mercer County,42085,25,948
10/14/2020,02/01/2020,10/10/2020,PA,Monroe County,42089,113,1039
10/14/2020,02/01/2020,10/10/2020,PA,Montgomery County,42091,1157,6841
10/14/2020,02/01/2020,10/10/2020,PA,Montour County,42093,47,912
10/14/2020,02/01/2020,10/10/2020,PA,Northampton County,42095,277,2146
10/14/2020,02/01/2020,10/10/2020,PA,Northumberland County,42097,58,650
10/14/2020,02/01/2020,10/10/2020,PA,Philadelphia County,42101,1669,12472
10/14/2020,02/01/2020,10/10/2020,PA,Pike County,42103,13,217
10/14/2020,02/01/2020,10/10/2020,PA,Schuylkill County,42107,38,1153
10/14/2020,02/01/2020,10/10/2020,PA,Susquehanna County,42115,34,320
10/14/2020,02/01/2020,10/10/2020,PA,Union County,42119,12,314
10/14/2020,02/01/2020,10/10/2020,PA,Washington County,42125,24,1677
10/14/2020,02/01/2020,10/10/2020,PA,Wayne County,42127,12,390
10/14/2020,02/01/2020,10/10/2020,PA,Westmoreland County,42129,46,2510
10/14/2020,02/01/2020,10/10/2020,PA,York County,42133,172,3077
10/14/2020,02/01/2020,10/10/2020,RI,Kent County,44003,116,1153
10/14/2020,02/01/2020,10/10/2020,RI,Providence County,44007,894,5273
10/14/2020,02/01/2020,10/10/2020,RI,Washington County,44009,62,785
10/14/2020,02/01/2020,10/10/2020,SC,Aiken County,45003,75,1295
10/14/2020,02/01/2020,10/10/2020,SC,Anderson County,45007,186,1946
10/14/2020,02/01/2020,10/10/2020,SC,Beaufort County,45013,67,1148
10/14/2020,02/01/2020,10/10/2020,SC,Berkeley County,45015,54,1047
10/14/2020,02/01/2020,10/10/2020,SC,Calhoun County,45017,13,106
10/14/2020,02/01/2020,10/10/2020,SC,Charleston County,45019,364,3788
10/14/2020,02/01/2020,10/10/2020,SC,Cherokee County,45021,10,345
10/14/2020,02/01/2020,10/10/2020,SC,Chesterfield County,45025,21,330
10/14/2020,02/01/2020,10/10/2020,SC,Clarendon County,45027,32,241
10/14/2020,02/01/2020,10/10/2020,SC,Colleton County,45029,36,386
10/14/2020,02/01/2020,10/10/2020,SC,Darlington County,45031,60,469
10/14/2020,02/01/2020,10/10/2020,SC,Dillon County,45033,16,245
10/14/2020,02/01/2020,10/10/2020,SC,Dorchester County,45035,58,712
10/14/2020,02/01/2020,10/10/2020,SC,Fairfield County,45039,13,172
10/14/2020,02/01/2020,10/10/2020,SC,Florence County,45041,348,2342
10/14/2020,02/01/2020,10/10/2020,SC,Georgetown County,45043,62,729
10/14/2020,02/01/2020,10/10/2020,SC,Greenville County,45045,330,4121
10/14/2020,02/01/2020,10/10/2020,SC,Greenwood County,45047,102,848
10/14/2020,02/01/2020,10/10/2020,SC,Hampton County,45049,21,137
10/14/2020,02/01/2020,10/10/2020,SC,Horry County,45051,211,3115
10/14/2020,02/01/2020,10/10/2020,SC,Jasper County,45053,27,237
10/14/2020,02/01/2020,10/10/2020,SC,Kershaw County,45055,21,453
10/14/2020,02/01/2020,10/10/2020,SC,Lancaster County,45057,50,618
10/14/2020,02/01/2020,10/10/2020,SC,Laurens County,45059,33,523
10/14/2020,02/01/2020,10/10/2020,SC,Lexington County,45063,173,2174
10/14/2020,02/01/2020,10/10/2020,SC,Marion County,45067,14,226
10/14/2020,02/01/2020,10/10/2020,SC,Newberry County,45071,20,316
10/14/2020,02/01/2020,10/10/2020,SC,Oconee County,45073,24,661
10/14/2020,02/01/2020,10/10/2020,SC,Orangeburg County,45075,120,845
10/14/2020,02/01/2020,10/10/2020,SC,Pickens County,45077,29,692
10/14/2020,02/01/2020,10/10/2020,SC,Richland County,45079,321,3209
10/14/2020,02/01/2020,10/10/2020,SC,Spartanburg County,45083,259,2858
10/14/2020,02/01/2020,10/10/2020,SC,Sumter County,45085,72,886
10/14/2020,02/01/2020,10/10/2020,SC,Williamsburg County,45089,17,206
10/14/2020,02/01/2020,10/10/2020,SC,York County,45091,81,1586
10/14/2020,02/01/2020,10/10/2020,SD,Minnehaha County,46099,160,1739
10/14/2020,02/01/2020,10/10/2020,SD,Pennington County,46103,54,859
10/14/2020,02/01/2020,10/10/2020,SD,Yankton County,46135,10,194
10/14/2020,02/01/2020,10/10/2020,TN,Anderson County,47001,14,803
10/14/2020,02/01/2020,10/10/2020,TN,Blount County,47009,24,979
10/14/2020,02/01/2020,10/10/2020,TN,Bradley County,47011,25,801
10/14/2020,02/01/2020,10/10/2020,TN,Carroll County,47017,17,260
10/14/2020,02/01/2020,10/10/2020,TN,Carter County,47019,16,478
10/14/2020,02/01/2020,10/10/2020,TN,Coffee County,47031,13,439
10/14/2020,02/01/2020,10/10/2020,TN,Cumberland County,47035,12,599
10/14/2020,02/01/2020,10/10/2020,TN,Davidson County,47037,484,6924
10/14/2020,02/01/2020,10/10/2020,TN,Dickson County,47043,22,406
10/14/2020,02/01/2020,10/10/2020,TN,Dyer County,47045,17,367
10/14/2020,02/01/2020,10/10/2020,TN,Giles County,47055,10,263
10/14/2020,02/01/2020,10/10/2020,TN,Greene County,47059,19,564
10/14/2020,02/01/2020,10/10/2020,TN,Hamblen County,47063,34,619
10/14/2020,02/01/2020,10/10/2020,TN,Hamilton County,47065,178,4015
10/14/2020,02/01/2020,10/10/2020,TN,Henderson County,47077,11,220
10/14/2020,02/01/2020,10/10/2020,TN,Knox County,47093,147,4851
10/14/2020,02/01/2020,10/10/2020,TN,McMinn County,47107,15,435
10/14/2020,02/01/2020,10/10/2020,TN,Madison County,47113,185,1524
10/14/2020,02/01/2020,10/10/2020,TN,Maury County,47119,40,860
10/14/2020,02/01/2020,10/10/2020,TN,Monroe County,47123,11,343
10/14/2020,02/01/2020,10/10/2020,TN,Montgomery County,47125,31,983
10/14/2020,02/01/2020,10/10/2020,TN,Putnam County,47141,58,909
10/14/2020,02/01/2020,10/10/2020,TN,Robertson County,47147,16,467
10/14/2020,02/01/2020,10/10/2020,TN,Rutherford County,47149,142,2041
10/14/2020,02/01/2020,10/10/2020,TN,Sevier County,47155,11,676
10/14/2020,02/01/2020,10/10/2020,TN,Shelby County,47157,528,7900
10/14/2020,02/01/2020,10/10/2020,TN,Sullivan County,47163,68,2290
10/14/2020,02/01/2020,10/10/2020,TN,Sumner County,47165,98,1174
10/14/2020,02/01/2020,10/10/2020,TN,Washington County,47179,67,1683
10/14/2020,02/01/2020,10/10/2020,TN,Williamson County,47187,42,894
10/14/2020,02/01/2020,10/10/2020,TN,Wilson County,47189,22,733
10/14/2020,02/01/2020,10/10/2020,TX,Anderson County,48001,31,401
10/14/2020,02/01/2020,10/10/2020,TX,Angelina County,48005,69,816
10/14/2020,02/01/2020,10/10/2020,TX,Atascosa County,48013,15,254
10/14/2020,02/01/2020,10/10/2020,TX,Bee County,48025,11,165
10/14/2020,02/01/2020,10/10/2020,TX,Bell County,48027,127,2268
10/14/2020,02/01/2020,10/10/2020,TX,Bexar County,48029,1789,12565
10/14/2020,02/01/2020,10/10/2020,TX,Bowie County,48037,101,1142
10/14/2020,02/01/2020,10/10/2020,TX,Brazoria County,48039,141,1655
10/14/2020,02/01/2020,10/10/2020,TX,Brazos County,48041,113,1140
10/14/2020,02/01/2020,10/10/2020,TX,Brown County,48049,30,361
10/14/2020,02/01/2020,10/10/2020,TX,Burnet County,48053,17,336
10/14/2020,02/01/2020,10/10/2020,TX,Caldwell County,48055,15,225
10/14/2020,02/01/2020,10/10/2020,TX,Cameron County,48061,1062,3282
10/14/2020,02/01/2020,10/10/2020,TX,Cherokee County,48073,18,317
10/14/2020,02/01/2020,10/10/2020,TX,Collin County,48085,281,4554
10/14/2020,02/01/2020,10/10/2020,TX,Comal County,48091,121,1039
10/14/2020,02/01/2020,10/10/2020,TX,Dallas County,48113,1097,13206
10/14/2020,02/01/2020,10/10/2020,TX,Deaf Smith County,48117,10,73
10/14/2020,02/01/2020,10/10/2020,TX,Denton County,48121,186,3102
10/14/2020,02/01/2020,10/10/2020,TX,DeWitt County,48123,30,148
10/14/2020,02/01/2020,10/10/2020,TX,Ector County,48135,125,1094
10/14/2020,02/01/2020,10/10/2020,TX,Ellis County,48139,46,884
10/14/2020,02/01/2020,10/10/2020,TX,El Paso County,48141,599,5001
10/14/2020,02/01/2020,10/10/2020,TX,Fort Bend County,48157,265,2711
10/14/2020,02/01/2020,10/10/2020,TX,Galveston County,48167,292,2078
10/14/2020,02/01/2020,10/10/2020,TX,Gillespie County,48171,11,254
10/14/2020,02/01/2020,10/10/2020,TX,Grayson County,48181,70,1319
10/14/2020,02/01/2020,10/10/2020,TX,Gregg County,48183,114,1398
10/14/2020,02/01/2020,10/10/2020,TX,Guadalupe County,48187,62,736
10/14/2020,02/01/2020,10/10/2020,TX,Hale County,48189,40,188
10/14/2020,02/01/2020,10/10/2020,TX,Hardin County,48199,10,267
10/14/2020,02/01/2020,10/10/2020,TX,Harris County,48201,2845,24382
10/14/2020,02/01/2020,10/10/2020,TX,Harrison County,48203,15,304
10/14/2020,02/01/2020,10/10/2020,TX,Hays County,48209,33,862
10/14/2020,02/01/2020,10/10/2020,TX,Henderson County,48213,13,626
10/14/2020,02/01/2020,10/10/2020,TX,Hidalgo County,48215,1662,5244
10/14/2020,02/01/2020,10/10/2020,TX,Hood County,48221,27,487
10/14/2020,02/01/2020,10/10/2020,TX,Hopkins County,48223,16,301
10/14/2020,02/01/2020,10/10/2020,TX,Howard County,48227,10,231
10/14/2020,02/01/2020,10/10/2020,TX,Hunt County,48231,36,665
10/14/2020,02/01/2020,10/10/2020,TX,Jefferson County,48245,209,2402
10/14/2020,02/01/2020,10/10/2020,TX,Jim Wells County,48249,16,220
10/14/2020,02/01/2020,10/10/2020,TX,Johnson County,48251,15,729
10/14/2020,02/01/2020,10/10/2020,TX,Karnes County,48255,13,88
10/14/2020,02/01/2020,10/10/2020,TX,Kaufman County,48257,20,550
10/14/2020,02/01/2020,10/10/2020,TX,Kleberg County,48273,35,197
10/14/2020,02/01/2020,10/10/2020,TX,Lamar County,48277,53,536
10/14/2020,02/01/2020,10/10/2020,TX,Lamb County,48279,13,96
10/14/2020,02/01/2020,10/10/2020,TX,Lavaca County,48285,16,155
10/14/2020,02/01/2020,10/10/2020,TX,Liberty County,48291,11,349
10/14/2020,02/01/2020,10/10/2020,TX,Limestone County,48293,12,186
10/14/2020,02/01/2020,10/10/2020,TX,Lubbock County,48303,271,2824
10/14/2020,02/01/2020,10/10/2020,TX,McLennan County,48309,138,1942
10/14/2020,02/01/2020,10/10/2020,TX,Matagorda County,48321,38,237
10/14/2020,02/01/2020,10/10/2020,TX,Maverick County,48323,79,318
10/14/2020,02/01/2020,10/10/2020,TX,Medina County,48325,10,235
10/14/2020,02/01/2020,10/10/2020,TX,Midland County,48329,75,847
10/14/2020,02/01/2020,10/10/2020,TX,Montgomery County,48339,308,4012
10/14/2020,02/01/2020,10/10/2020,TX,Nacogdoches County,48347,98,571
10/14/2020,02/01/2020,10/10/2020,TX,Navarro County,48349,19,331
10/14/2020,02/01/2020,10/10/2020,TX,Nueces County,48355,539,3050
10/14/2020,02/01/2020,10/10/2020,TX,Orange County,48361,10,423
10/14/2020,02/01/2020,10/10/2020,TX,Panola County,48365,10,184
10/14/2020,02/01/2020,10/10/2020,TX,Parker County,48367,32,686
10/14/2020,02/01/2020,10/10/2020,TX,Polk County,48373,13,391
10/14/2020,02/01/2020,10/10/2020,TX,Potter County,48375,173,1612
10/14/2020,02/01/2020,10/10/2020,TX,Randall County,48381,20,475
10/14/2020,02/01/2020,10/10/2020,TX,Rockwall County,48397,59,626
10/14/2020,02/01/2020,10/10/2020,TX,Rusk County,48401,10,303
10/14/2020,02/01/2020,10/10/2020,TX,San Patricio County,48409,12,305
10/14/2020,02/01/2020,10/10/2020,TX,Smith County,48423,269,2872
10/14/2020,02/01/2020,10/10/2020,TX,Somervell County,48425,15,82
10/14/2020,02/01/2020,10/10/2020,TX,Starr County,48427,64,248
10/14/2020,02/01/2020,10/10/2020,TX,Tarrant County,48439,933,11830
10/14/2020,02/01/2020,10/10/2020,TX,Taylor County,48441,84,1285
10/14/2020,02/01/2020,10/10/2020,TX,Titus County,48449,19,251
10/14/2020,02/01/2020,10/10/2020,TX,Tom Green County,48451,91,1000
10/14/2020,02/01/2020,10/10/2020,TX,Travis County,48453,516,5288
10/14/2020,02/01/2020,10/10/2020,TX,Uvalde County,48463,24,190
10/14/2020,02/01/2020,10/10/2020,TX,Val Verde County,48465,68,267
10/14/2020,02/01/2020,10/10/2020,TX,Victoria County,48469,170,899
10/14/2020,02/01/2020,10/10/2020,TX,Walker County,48471,26,344
10/14/2020,02/01/2020,10/10/2020,TX,Waller County,48473,10,184
10/14/2020,02/01/2020,10/10/2020,TX,Washington County,48477,36,249
10/14/2020,02/01/2020,10/10/2020,TX,Webb County,48479,299,1358
10/14/2020,02/01/2020,10/10/2020,TX,Wharton County,48481,32,267
10/14/2020,02/01/2020,10/10/2020,TX,Wichita County,48485,34,1184
10/14/2020,02/01/2020,10/10/2020,TX,Williamson County,48491,194,2639
10/14/2020,02/01/2020,10/10/2020,TX,Wilson County,48493,17,266
10/14/2020,02/01/2020,10/10/2020,TX,Wise County,48497,21,450
10/14/2020,02/01/2020,10/10/2020,TX,Wood County,48499,14,327
10/14/2020,02/01/2020,10/10/2020,UT,Davis County,49011,27,1337
10/14/2020,02/01/2020,10/10/2020,UT,Salt Lake County,49035,316,5762
10/14/2020,02/01/2020,10/10/2020,UT,San Juan County,49037,10,72
10/14/2020,02/01/2020,10/10/2020,UT,Utah County,49049,55,2002
10/14/2020,02/01/2020,10/10/2020,UT,Washington County,49053,47,1281
10/14/2020,02/01/2020,10/10/2020,UT,Weber County,49057,34,1446
10/14/2020,02/01/2020,10/10/2020,VA,Accomack County,51001,20,314
10/14/2020,02/01/2020,10/10/2020,VA,Albemarle County,51003,39,789
10/14/2020,02/01/2020,10/10/2020,VA,Arlington County,51013,168,1073
10/14/2020,02/01/2020,10/10/2020,VA,Augusta County,51015,14,640
10/14/2020,02/01/2020,10/10/2020,VA,Carroll County,51035,10,192
10/14/2020,02/01/2020,10/10/2020,VA,Chesterfield County,51041,79,1799
10/14/2020,02/01/2020,10/10/2020,VA,Culpeper County,51047,13,267
10/14/2020,02/01/2020,10/10/2020,VA,Fairfax County,51059,519,4073
10/14/2020,02/01/2020,10/10/2020,VA,Fauquier County,51061,24,375
10/14/2020,02/01/2020,10/10/2020,VA,Floyd County,51063,11,101
10/14/2020,02/01/2020,10/10/2020,VA,Halifax County,51083,11,317
10/14/2020,02/01/2020,10/10/2020,VA,Hanover County,51085,88,981
10/14/2020,02/01/2020,10/10/2020,VA,Henrico County,51087,201,2523
10/14/2020,02/01/2020,10/10/2020,VA,James City County,51095,12,495
10/14/2020,02/01/2020,10/10/2020,VA,Loudoun County,51107,131,1345
10/14/2020,02/01/2020,10/10/2020,VA,Mecklenburg County,51117,33,341
10/14/2020,02/01/2020,10/10/2020,VA,Middlesex County,51119,10,121
10/14/2020,02/01/2020,10/10/2020,VA,Northampton County,51131,15,95
10/14/2020,02/01/2020,10/10/2020,VA,Page County,51139,23,185
10/14/2020,02/01/2020,10/10/2020,VA,Patrick County,51141,13,131
10/14/2020,02/01/2020,10/10/2020,VA,Prince William County,51153,128,1301
10/14/2020,02/01/2020,10/10/2020,VA,Rockingham County,51165,51,629
10/14/2020,02/01/2020,10/10/2020,VA,Shenandoah County,51171,39,330
10/14/2020,02/01/2020,10/10/2020,VA,Southampton County,51175,12,97
10/14/2020,02/01/2020,10/10/2020,VA,Spotsylvania County,51177,26,567
10/14/2020,02/01/2020,10/10/2020,VA,Washington County,51191,23,462
10/14/2020,02/01/2020,10/10/2020,VA,York County,51199,19,362
10/14/2020,02/01/2020,10/10/2020,VA,Alexandria city,51510,100,664
10/14/2020,02/01/2020,10/10/2020,VA,Charlottesville city,51540,58,795
10/14/2020,02/01/2020,10/10/2020,VA,Chesapeake city,51550,58,1337
10/14/2020,02/01/2020,10/10/2020,VA,Colonial Heights city,51570,10,162
10/14/2020,02/01/2020,10/10/2020,VA,Danville city,51590,48,604
10/14/2020,02/01/2020,10/10/2020,VA,Emporia city,51595,15,84
10/14/2020,02/01/2020,10/10/2020,VA,Franklin city,51620,19,120
10/14/2020,02/01/2020,10/10/2020,VA,Fredericksburg city,51630,47,619
10/14/2020,02/01/2020,10/10/2020,VA,Galax city,51640,38,147
10/14/2020,02/01/2020,10/10/2020,VA,Hampton city,51650,31,877
10/14/2020,02/01/2020,10/10/2020,VA,Harrisonburg city,51660,16,196
10/14/2020,02/01/2020,10/10/2020,VA,Hopewell city,51670,18,245
10/14/2020,02/01/2020,10/10/2020,VA,Lynchburg city,51680,66,1107
10/14/2020,02/01/2020,10/10/2020,VA,Manassas city,51683,97,388
10/14/2020,02/01/2020,10/10/2020,VA,Martinsville city,51690,46,311
10/14/2020,02/01/2020,10/10/2020,VA,Newport News city,51700,72,1465
10/14/2020,02/01/2020,10/10/2020,VA,Norfolk city,51710,108,1988
10/14/2020,02/01/2020,10/10/2020,VA,Petersburg city,51730,73,586
10/14/2020,02/01/2020,10/10/2020,VA,Portsmouth city,51740,62,808
10/14/2020,02/01/2020,10/10/2020,VA,Richmond city,51760,105,2224
10/14/2020,02/01/2020,10/10/2020,VA,Roanoke city,51770,67,1685
10/14/2020,02/01/2020,10/10/2020,VA,Salem city,51775,34,646
10/14/2020,02/01/2020,10/10/2020,VA,Suffolk city,51800,85,703
10/14/2020,02/01/2020,10/10/2020,VA,Virginia Beach city,51810,85,2301
10/14/2020,02/01/2020,10/10/2020,VA,Winchester city,51840,33,795
10/14/2020,02/01/2020,10/10/2020,VT,Chittenden County,50007,50,1193
10/14/2020,02/01/2020,10/10/2020,WA,Benton County,53005,167,1451
10/14/2020,02/01/2020,10/10/2020,WA,Chelan County,53007,30,692
10/14/2020,02/01/2020,10/10/2020,WA,Clark County,53011,66,2897
10/14/2020,02/01/2020,10/10/2020,WA,Franklin County,53021,36,256
10/14/2020,02/01/2020,10/10/2020,WA,Grant County,53025,12,411
10/14/2020,02/01/2020,10/10/2020,WA,Island County,53029,13,411
10/14/2020,02/01/2020,10/10/2020,WA,King County,53033,744,10445
10/14/2020,02/01/2020,10/10/2020,WA,Kitsap County,53035,16,1497
10/14/2020,02/01/2020,10/10/2020,WA,Kittitas County,53037,20,216
10/14/2020,02/01/2020,10/10/2020,WA,Pierce County,53053,185,5276
10/14/2020,02/01/2020,10/10/2020,WA,Skagit County,53057,19,915
10/14/2020,02/01/2020,10/10/2020,WA,Snohomish County,53061,168,3922
10/14/2020,02/01/2020,10/10/2020,WA,Spokane County,53063,180,3938
10/14/2020,02/01/2020,10/10/2020,WA,Thurston County,53067,22,1762
10/14/2020,02/01/2020,10/10/2020,WA,Walla Walla County,53071,10,456
10/14/2020,02/01/2020,10/10/2020,WA,Whatcom County,53073,52,1306
10/14/2020,02/01/2020,10/10/2020,WA,Yakima County,53077,216,1624
10/14/2020,02/01/2020,10/10/2020,WI,Brown County,55009,90,1923
10/14/2020,02/01/2020,10/10/2020,WI,Dane County,55025,72,3258
10/14/2020,02/01/2020,10/10/2020,WI,Dodge County,55027,19,643
10/14/2020,02/01/2020,10/10/2020,WI,Eau Claire County,55035,11,868
10/14/2020,02/01/2020,10/10/2020,WI,Fond du Lac County,55039,13,700
10/14/2020,02/01/2020,10/10/2020,WI,Grant County,55043,16,308
10/14/2020,02/01/2020,10/10/2020,WI,Kenosha County,55059,84,1120
10/14/2020,02/01/2020,10/10/2020,WI,La Crosse County,55063,16,1032
10/14/2020,02/01/2020,10/10/2020,WI,Marathon County,55073,26,1049
10/14/2020,02/01/2020,10/10/2020,WI,Milwaukee County,55079,524,7245
10/14/2020,02/01/2020,10/10/2020,WI,Outagamie County,55087,45,1213
10/14/2020,02/01/2020,10/10/2020,WI,Ozaukee County,55089,60,828
10/14/2020,02/01/2020,10/10/2020,WI,Racine County,55101,75,1259
10/14/2020,02/01/2020,10/10/2020,WI,Rock County,55105,31,1216
10/14/2020,02/01/2020,10/10/2020,WI,Sheboygan County,55117,23,822
10/14/2020,02/01/2020,10/10/2020,WI,Walworth County,55127,34,613
10/14/2020,02/01/2020,10/10/2020,WI,Washington County,55131,16,753
10/14/2020,02/01/2020,10/10/2020,WI,Waukesha County,55133,93,2544
10/14/2020,02/01/2020,10/10/2020,WI,Waupaca County,55135,16,412
10/14/2020,02/01/2020,10/10/2020,WI,Winnebago County,55139,28,1209
10/14/2020,02/01/2020,10/10/2020,WI,Wood County,55141,14,860
10/14/2020,02/01/2020,10/10/2020,WV,Berkeley County,54003,12,624
10/14/2020,02/01/2020,10/10/2020,WV,Cabell County,54011,16,1262
10/14/2020,02/01/2020,10/10/2020,WV,Kanawha County,54039,104,2069
10/14/2020,02/01/2020,10/10/2020,WV,Logan County,54045,25,273
10/14/2020,02/01/2020,10/10/2020,WV,Mercer County,54055,25,502
10/14/2020,02/01/2020,10/10/2020,WV,Monongalia County,54061,24,1086
10/14/2020,02/01/2020,10/10/2020,WV,Ohio County,54069,19,623
10/14/2020,02/01/2020,10/10/2020,WV,Wayne County,54099,10,167
10/14/2020,02/01/2020,10/10/2020,WV,Wood County,54107,11,634
10/14/2020,02/01/2020,10/10/2020,WY,Natrona County,56025,13,645
